model,feature_set,horizon,lookback,split_strategy,seed,prediction_anchor_date,threshold_calibration_end_date,n_threshold_samples,selected_threshold,candidate_threshold,validation_balanced_accuracy,validation_mcc,validation_predicted_up_rate,is_selected,selection_rule
lightgbm,full_safe,5,5,chronological_712,42,2024-06-27,2024-06-26,237,0.04,0.0,0.4883881770529994,-0.037387171243891536,0.8945147679324894,0.0,"balanced_accuracy,higher_mcc,closer_to_zero"
lightgbm,full_safe,5,5,chronological_712,42,2024-06-27,2024-06-26,237,0.04,0.01,0.5197655794991264,0.04573998397592697,0.759493670886076,0.0,"balanced_accuracy,higher_mcc,closer_to_zero"
lightgbm,full_safe,5,5,chronological_712,42,2024-06-27,2024-06-26,237,0.04,0.02,0.5402591729761211,0.08446618840169169,0.6666666666666666,0.0,"balanced_accuracy,higher_mcc,closer_to_zero"
lightgbm,full_safe,5,5,chronological_712,42,2024-06-27,2024-06-26,237,0.04,0.03,0.5959522422830519,0.19029048007876714,0.4641350210970464,0.0,"balanced_accuracy,higher_mcc,closer_to_zero"
lightgbm,full_safe,5,5,chronological_712,42,2024-06-27,2024-06-26,237,0.04,0.04,0.6062536400698894,0.22850501374602677,0.3037974683544304,1.0,"balanced_accuracy,higher_mcc,closer_to_zero"
lightgbm,full_safe,5,5,chronological_712,42,2024-06-27,2024-06-26,237,0.04,0.05,0.5820471753057659,0.23149216314878454,0.14345991561181434,0.0,"balanced_accuracy,higher_mcc,closer_to_zero"
lightgbm,full_safe,5,5,chronological_712,42,2024-06-27,2024-06-26,237,0.04,0.06,0.5335250436808386,0.15123336206022409,0.05063291139240506,0.0,"balanced_accuracy,higher_mcc,closer_to_zero"
lightgbm,full_safe,5,5,chronological_712,42,2024-06-27,2024-06-26,237,0.04,0.07,0.5099009900990099,0.1070507794983037,0.008438818565400843,0.0,"balanced_accuracy,higher_mcc,closer_to_zero"
lightgbm,full_safe,5,5,chronological_712,42,2024-06-27,2024-06-26,237,0.04,0.08,0.5,0.0,0.0,0.0,"balanced_accuracy,higher_mcc,closer_to_zero"
lightgbm,full_safe,5,5,chronological_712,42,2024-06-27,2024-06-26,237,0.04,0.1,0.5,0.0,0.0,0.0,"balanced_accuracy,higher_mcc,closer_to_zero"
lightgbm,full_safe,5,5,chronological_712,2024,2024-06-27,2024-06-26,237,0.04,0.0,0.5054965055329063,0.015907241941314803,0.8649789029535865,0.0,"balanced_accuracy,higher_mcc,closer_to_zero"
lightgbm,full_safe,5,5,chronological_712,2024,2024-06-27,2024-06-26,237,0.04,0.01,0.5344714618520676,0.07798275724370164,0.7426160337552743,0.0,"balanced_accuracy,higher_mcc,closer_to_zero"
lightgbm,full_safe,5,5,chronological_712,2024,2024-06-27,2024-06-26,237,0.04,0.02,0.5757498543972044,0.15404400987171485,0.6160337552742616,0.0,"balanced_accuracy,higher_mcc,closer_to_zero"
lightgbm,full_safe,5,5,chronological_712,2024,2024-06-27,2024-06-26,237,0.04,0.03,0.5956610366919045,0.19273032198734555,0.4050632911392405,0.0,"balanced_accuracy,higher_mcc,closer_to_zero"
lightgbm,full_safe,5,5,chronological_712,2024,2024-06-27,2024-06-26,237,0.04,0.04,0.5971898660454281,0.23390502943710195,0.21518987341772153,1.0,"balanced_accuracy,higher_mcc,closer_to_zero"
lightgbm,full_safe,5,5,chronological_712,2024,2024-06-27,2024-06-26,237,0.04,0.05,0.574403028538148,0.25358302603239025,0.09282700421940929,0.0,"balanced_accuracy,higher_mcc,closer_to_zero"
lightgbm,full_safe,5,5,chronological_712,2024,2024-06-27,2024-06-26,237,0.04,0.06,0.5297029702970297,0.1870158444197576,0.02531645569620253,0.0,"balanced_accuracy,higher_mcc,closer_to_zero"
lightgbm,full_safe,5,5,chronological_712,2024,2024-06-27,2024-06-26,237,0.04,0.07,0.5,0.0,0.0,0.0,"balanced_accuracy,higher_mcc,closer_to_zero"
lightgbm,full_safe,5,5,chronological_712,2024,2024-06-27,2024-06-26,237,0.04,0.08,0.5,0.0,0.0,0.0,"balanced_accuracy,higher_mcc,closer_to_zero"
lightgbm,full_safe,5,5,chronological_712,2024,2024-06-27,2024-06-26,237,0.04,0.1,0.5,0.0,0.0,0.0,"balanced_accuracy,higher_mcc,closer_to_zero"
lightgbm,full_safe,5,5,chronological_712,3407,2024-06-27,2024-06-26,237,0.04,0.0,0.501820034944671,0.005338575710332636,0.869198312236287,0.0,"balanced_accuracy,higher_mcc,closer_to_zero"
lightgbm,full_safe,5,5,chronological_712,3407,2024-06-27,2024-06-26,237,0.04,0.01,0.5234420500873617,0.05392811174179589,0.7552742616033755,0.0,"balanced_accuracy,higher_mcc,closer_to_zero"
lightgbm,full_safe,5,5,chronological_712,3407,2024-06-27,2024-06-26,237,0.04,0.02,0.5402591729761211,0.08446618840169169,0.6666666666666666,0.0,"balanced_accuracy,higher_mcc,closer_to_zero"
lightgbm,full_safe,5,5,chronological_712,3407,2024-06-27,2024-06-26,237,0.04,0.03,0.5724737914967968,0.14403815637444875,0.45147679324894513,0.0,"balanced_accuracy,higher_mcc,closer_to_zero"
lightgbm,full_safe,5,5,chronological_712,3407,2024-06-27,2024-06-26,237,0.04,0.04,0.5888541059988353,0.19697755233982453,0.2742616033755274,1.0,"balanced_accuracy,higher_mcc,closer_to_zero"
lightgbm,full_safe,5,5,chronological_712,3407,2024-06-27,2024-06-26,237,0.04,0.05,0.5807731508444962,0.2337627143561427,0.1350210970464135,0.0,"balanced_accuracy,higher_mcc,closer_to_zero"
lightgbm,full_safe,5,5,chronological_712,3407,2024-06-27,2024-06-26,237,0.04,0.06,0.537201514269074,0.17489210001489933,0.046413502109704644,0.0,"balanced_accuracy,higher_mcc,closer_to_zero"
lightgbm,full_safe,5,5,chronological_712,3407,2024-06-27,2024-06-26,237,0.04,0.07,0.504950495049505,0.07553578828140897,0.004219409282700422,0.0,"balanced_accuracy,higher_mcc,closer_to_zero"
lightgbm,full_safe,5,5,chronological_712,3407,2024-06-27,2024-06-26,237,0.04,0.08,0.5,0.0,0.0,0.0,"balanced_accuracy,higher_mcc,closer_to_zero"
lightgbm,full_safe,5,5,chronological_712,3407,2024-06-27,2024-06-26,237,0.04,0.1,0.5,0.0,0.0,0.0,"balanced_accuracy,higher_mcc,closer_to_zero"
lightgbm,full_safe,5,10,chronological_712,42,2024-06-28,2024-06-27,236,0.05,0.0,0.49911764705882355,-0.0030627596028092625,0.9110169491525424,0.0,"balanced_accuracy,higher_mcc,closer_to_zero"
lightgbm,full_safe,5,10,chronological_712,42,2024-06-28,2024-06-27,236,0.05,0.01,0.5286764705882353,0.06703544802998875,0.7669491525423728,0.0,"balanced_accuracy,higher_mcc,closer_to_zero"
lightgbm,full_safe,5,10,chronological_712,42,2024-06-28,2024-06-27,236,0.05,0.02,0.5742647058823529,0.1507916238163265,0.614406779661017,0.0,"balanced_accuracy,higher_mcc,closer_to_zero"
lightgbm,full_safe,5,10,chronological_712,42,2024-06-28,2024-06-27,236,0.05,0.03,0.5761764705882353,0.15197348120698642,0.4322033898305085,0.0,"balanced_accuracy,higher_mcc,closer_to_zero"
lightgbm,full_safe,5,10,chronological_712,42,2024-06-28,2024-06-27,236,0.05,0.04,0.601764705882353,0.2285210246566246,0.2627118644067797,0.0,"balanced_accuracy,higher_mcc,closer_to_zero"
lightgbm,full_safe,5,10,chronological_712,42,2024-06-28,2024-06-27,236,0.05,0.05,0.6102941176470589,0.3320225868039475,0.1228813559322034,1.0,"balanced_accuracy,higher_mcc,closer_to_zero"
lightgbm,full_safe,5,10,chronological_712,42,2024-06-28,2024-06-27,236,0.05,0.06,0.515,0.132328113466995,0.012711864406779662,0.0,"balanced_accuracy,higher_mcc,closer_to_zero"
lightgbm,full_safe,5,10,chronological_712,42,2024-06-28,2024-06-27,236,0.05,0.07,0.5,0.0,0.0,0.0,"balanced_accuracy,higher_mcc,closer_to_zero"
lightgbm,full_safe,5,10,chronological_712,42,2024-06-28,2024-06-27,236,0.05,0.08,0.5,0.0,0.0,0.0,"balanced_accuracy,higher_mcc,closer_to_zero"
lightgbm,full_safe,5,10,chronological_712,42,2024-06-28,2024-06-27,236,0.05,0.1,0.5,0.0,0.0,0.0,"balanced_accuracy,higher_mcc,closer_to_zero"
lightgbm,full_safe,5,10,chronological_712,2024,2024-06-28,2024-06-27,236,0.05,0.0,0.49308823529411766,-0.02642055138902628,0.9279661016949152,0.0,"balanced_accuracy,higher_mcc,closer_to_zero"
lightgbm,full_safe,5,10,chronological_712,2024,2024-06-28,2024-06-27,236,0.05,0.01,0.5236764705882353,0.05500297080509035,0.7627118644067796,0.0,"balanced_accuracy,higher_mcc,closer_to_zero"
lightgbm,full_safe,5,10,chronological_712,2024,2024-06-28,2024-06-27,236,0.05,0.02,0.5735294117647058,0.15399164901292495,0.6652542372881356,0.0,"balanced_accuracy,higher_mcc,closer_to_zero"
lightgbm,full_safe,5,10,chronological_712,2024,2024-06-28,2024-06-27,236,0.05,0.03,0.5630882352941177,0.12474013909640426,0.4872881355932203,0.0,"balanced_accuracy,higher_mcc,closer_to_zero"
lightgbm,full_safe,5,10,chronological_712,2024,2024-06-28,2024-06-27,236,0.05,0.04,0.5923529411764705,0.19673281841384965,0.3135593220338983,0.0,"balanced_accuracy,higher_mcc,closer_to_zero"
lightgbm,full_safe,5,10,chronological_712,2024,2024-06-28,2024-06-27,236,0.05,0.05,0.6208823529411764,0.30411610121493177,0.1906779661016949,1.0,"balanced_accuracy,higher_mcc,closer_to_zero"
lightgbm,full_safe,5,10,chronological_712,2024,2024-06-28,2024-06-27,236,0.05,0.06,0.5439705882352941,0.1839590763787377,0.059322033898305086,0.0,"balanced_accuracy,higher_mcc,closer_to_zero"
lightgbm,full_safe,5,10,chronological_712,2024,2024-06-28,2024-06-27,236,0.05,0.07,0.515,0.132328113466995,0.012711864406779662,0.0,"balanced_accuracy,higher_mcc,closer_to_zero"
lightgbm,full_safe,5,10,chronological_712,2024,2024-06-28,2024-06-27,236,0.05,0.08,0.5,0.0,0.0,0.0,"balanced_accuracy,higher_mcc,closer_to_zero"
lightgbm,full_safe,5,10,chronological_712,2024,2024-06-28,2024-06-27,236,0.05,0.1,0.5,0.0,0.0,0.0,"balanced_accuracy,higher_mcc,closer_to_zero"
lightgbm,full_safe,5,10,chronological_712,3407,2024-06-28,2024-06-27,236,0.05,0.0,0.5148529411764706,0.044067424932989145,0.8728813559322034,0.0,"balanced_accuracy,higher_mcc,closer_to_zero"
lightgbm,full_safe,5,10,chronological_712,3407,2024-06-28,2024-06-27,236,0.05,0.01,0.5383823529411764,0.08711623251676141,0.7457627118644068,0.0,"balanced_accuracy,higher_mcc,closer_to_zero"
lightgbm,full_safe,5,10,chronological_712,3407,2024-06-28,2024-06-27,236,0.05,0.02,0.5955882352941176,0.1967913283680801,0.6398305084745762,0.0,"balanced_accuracy,higher_mcc,closer_to_zero"
lightgbm,full_safe,5,10,chronological_712,3407,2024-06-28,2024-06-27,236,0.05,0.03,0.5951470588235295,0.188398882280992,0.4703389830508475,0.0,"balanced_accuracy,higher_mcc,closer_to_zero"
lightgbm,full_safe,5,10,chronological_712,3407,2024-06-28,2024-06-27,236,0.05,0.04,0.5836764705882352,0.17824995808515995,0.3135593220338983,0.0,"balanced_accuracy,higher_mcc,closer_to_zero"
lightgbm,full_safe,5,10,chronological_712,3407,2024-06-28,2024-06-27,236,0.05,0.05,0.6158823529411764,0.29406260625806707,0.1864406779661017,1.0,"balanced_accuracy,higher_mcc,closer_to_zero"
lightgbm,full_safe,5,10,chronological_712,3407,2024-06-28,2024-06-27,236,0.05,0.06,0.5339705882352941,0.1528227058122081,0.05084745762711865,0.0,"balanced_accuracy,higher_mcc,closer_to_zero"
lightgbm,full_safe,5,10,chronological_712,3407,2024-06-28,2024-06-27,236,0.05,0.07,0.505,0.07607387227263504,0.00423728813559322,0.0,"balanced_accuracy,higher_mcc,closer_to_zero"
lightgbm,full_safe,5,10,chronological_712,3407,2024-06-28,2024-06-27,236,0.05,0.08,0.5,0.0,0.0,0.0,"balanced_accuracy,higher_mcc,closer_to_zero"
lightgbm,full_safe,5,10,chronological_712,3407,2024-06-28,2024-06-27,236,0.05,0.1,0.5,0.0,0.0,0.0,"balanced_accuracy,higher_mcc,closer_to_zero"
lightgbm,full_safe,5,15,chronological_712,42,2024-07-01,2024-06-28,236,0.05,0.0,0.5111764705882353,0.03364495546280001,0.8771186440677966,0.0,"balanced_accuracy,higher_mcc,closer_to_zero"
lightgbm,full_safe,5,15,chronological_712,42,2024-07-01,2024-06-28,236,0.05,0.01,0.5594117647058824,0.13411827543639937,0.7415254237288136,0.0,"balanced_accuracy,higher_mcc,closer_to_zero"
lightgbm,full_safe,5,15,chronological_712,42,2024-07-01,2024-06-28,236,0.05,0.02,0.5705882352941176,0.14362633944634196,0.6186440677966102,0.0,"balanced_accuracy,higher_mcc,closer_to_zero"
lightgbm,full_safe,5,15,chronological_712,42,2024-07-01,2024-06-28,236,0.05,0.03,0.5801470588235295,0.15899013454068028,0.4576271186440678,0.0,"balanced_accuracy,higher_mcc,closer_to_zero"
lightgbm,full_safe,5,15,chronological_712,42,2024-07-01,2024-06-28,236,0.05,0.04,0.5897058823529412,0.19409632301013452,0.2966101694915254,0.0,"balanced_accuracy,higher_mcc,closer_to_zero"
lightgbm,full_safe,5,15,chronological_712,42,2024-07-01,2024-06-28,236,0.05,0.05,0.6195588235294117,0.30610343309518145,0.18220338983050846,1.0,"balanced_accuracy,higher_mcc,closer_to_zero"
lightgbm,full_safe,5,15,chronological_712,42,2024-07-01,2024-06-28,236,0.05,0.06,0.5689705882352941,0.25052825443819027,0.08050847457627118,0.0,"balanced_accuracy,higher_mcc,closer_to_zero"
lightgbm,full_safe,5,15,chronological_712,42,2024-07-01,2024-06-28,236,0.05,0.07,0.5226470588235295,0.12367981899412284,0.03389830508474576,0.0,"balanced_accuracy,higher_mcc,closer_to_zero"
lightgbm,full_safe,5,15,chronological_712,42,2024-07-01,2024-06-28,236,0.05,0.08,0.5,0.0,0.0,0.0,"balanced_accuracy,higher_mcc,closer_to_zero"
lightgbm,full_safe,5,15,chronological_712,42,2024-07-01,2024-06-28,236,0.05,0.1,0.5,0.0,0.0,0.0,"balanced_accuracy,higher_mcc,closer_to_zero"
lightgbm,full_safe,5,15,chronological_712,2024,2024-07-01,2024-06-28,236,0.05,0.0,0.5235294117647059,0.06980978207206201,0.8728813559322034,0.0,"balanced_accuracy,higher_mcc,closer_to_zero"
lightgbm,full_safe,5,15,chronological_712,2024,2024-07-01,2024-06-28,236,0.05,0.01,0.5397058823529413,0.09114446569446367,0.7542372881355932,0.0,"balanced_accuracy,higher_mcc,closer_to_zero"
lightgbm,full_safe,5,15,chronological_712,2024,2024-07-01,2024-06-28,236,0.05,0.02,0.5766176470588236,0.15467501309179124,0.6016949152542372,0.0,"balanced_accuracy,higher_mcc,closer_to_zero"
lightgbm,full_safe,5,15,chronological_712,2024,2024-07-01,2024-06-28,236,0.05,0.03,0.5877941176470588,0.1736893103694374,0.4788135593220339,0.0,"balanced_accuracy,higher_mcc,closer_to_zero"
lightgbm,full_safe,5,15,chronological_712,2024,2024-07-01,2024-06-28,236,0.05,0.04,0.6133823529411765,0.24243185409045498,0.3093220338983051,0.0,"balanced_accuracy,higher_mcc,closer_to_zero"
lightgbm,full_safe,5,15,chronological_712,2024,2024-07-01,2024-06-28,236,0.05,0.05,0.6285294117647059,0.3108568883909259,0.211864406779661,1.0,"balanced_accuracy,higher_mcc,closer_to_zero"
lightgbm,full_safe,5,15,chronological_712,2024,2024-07-01,2024-06-28,236,0.05,0.06,0.5952941176470589,0.30079403644255537,0.11016949152542373,0.0,"balanced_accuracy,higher_mcc,closer_to_zero"
lightgbm,full_safe,5,15,chronological_712,2024,2024-07-01,2024-06-28,236,0.05,0.07,0.5226470588235295,0.12367981899412284,0.03389830508474576,0.0,"balanced_accuracy,higher_mcc,closer_to_zero"
lightgbm,full_safe,5,15,chronological_712,2024,2024-07-01,2024-06-28,236,0.05,0.08,0.5,0.0,0.0,0.0,"balanced_accuracy,higher_mcc,closer_to_zero"
lightgbm,full_safe,5,15,chronological_712,2024,2024-07-01,2024-06-28,236,0.05,0.1,0.5,0.0,0.0,0.0,"balanced_accuracy,higher_mcc,closer_to_zero"
lightgbm,full_safe,5,15,chronological_712,3407,2024-07-01,2024-06-28,236,0.05,0.0,0.5098529411764706,0.028827538604545747,0.8686440677966102,0.0,"balanced_accuracy,higher_mcc,closer_to_zero"
lightgbm,full_safe,5,15,chronological_712,3407,2024-07-01,2024-06-28,236,0.05,0.01,0.5447058823529412,0.10322863327801934,0.7584745762711864,0.0,"balanced_accuracy,higher_mcc,closer_to_zero"
lightgbm,full_safe,5,15,chronological_712,3407,2024-07-01,2024-06-28,236,0.05,0.02,0.5732352941176471,0.15039210038339493,0.635593220338983,0.0,"balanced_accuracy,higher_mcc,closer_to_zero"
lightgbm,full_safe,5,15,chronological_712,3407,2024-07-01,2024-06-28,236,0.05,0.03,0.5938235294117646,0.18599278883193904,0.461864406779661,0.0,"balanced_accuracy,higher_mcc,closer_to_zero"
lightgbm,full_safe,5,15,chronological_712,3407,2024-07-01,2024-06-28,236,0.05,0.04,0.5970588235294118,0.2117997169937573,0.288135593220339,0.0,"balanced_accuracy,higher_mcc,closer_to_zero"
lightgbm,full_safe,5,15,chronological_712,3407,2024-07-01,2024-06-28,236,0.05,0.05,0.6195588235294117,0.30610343309518145,0.18220338983050846,1.0,"balanced_accuracy,higher_mcc,closer_to_zero"
lightgbm,full_safe,5,15,chronological_712,3407,2024-07-01,2024-06-28,236,0.05,0.06,0.5602941176470588,0.21901190686494243,0.08050847457627118,0.0,"balanced_accuracy,higher_mcc,closer_to_zero"
lightgbm,full_safe,5,15,chronological_712,3407,2024-07-01,2024-06-28,236,0.05,0.07,0.5226470588235295,0.12367981899412284,0.03389830508474576,0.0,"balanced_accuracy,higher_mcc,closer_to_zero"
lightgbm,full_safe,5,15,chronological_712,3407,2024-07-01,2024-06-28,236,0.05,0.08,0.5,0.0,0.0,0.0,"balanced_accuracy,higher_mcc,closer_to_zero"
lightgbm,full_safe,5,15,chronological_712,3407,2024-07-01,2024-06-28,236,0.05,0.1,0.5,0.0,0.0,0.0,"balanced_accuracy,higher_mcc,closer_to_zero"
lightgbm,full_safe,5,20,chronological_712,42,2024-07-02,2024-07-01,235,0.05,0.0,0.5088633993743482,0.024267545191216405,0.8468085106382979,0.0,"balanced_accuracy,higher_mcc,closer_to_zero"
lightgbm,full_safe,5,20,chronological_712,42,2024-07-02,2024-07-01,235,0.05,0.01,0.5541486667659765,0.12384841563804881,0.7531914893617021,0.0,"balanced_accuracy,higher_mcc,closer_to_zero"
lightgbm,full_safe,5,20,chronological_712,42,2024-07-02,2024-07-01,235,0.05,0.02,0.5965291225979443,0.1986248394155173,0.6425531914893617,0.0,"balanced_accuracy,higher_mcc,closer_to_zero"
lightgbm,full_safe,5,20,chronological_712,42,2024-07-02,2024-07-01,235,0.05,0.03,0.5798450767168182,0.15759133062729433,0.5191489361702127,0.0,"balanced_accuracy,higher_mcc,closer_to_zero"
lightgbm,full_safe,5,20,chronological_712,42,2024-07-02,2024-07-01,235,0.05,0.04,0.6273648145389543,0.26139525048514545,0.3617021276595745,0.0,"balanced_accuracy,higher_mcc,closer_to_zero"
lightgbm,full_safe,5,20,chronological_712,42,2024-07-02,2024-07-01,235,0.05,0.05,0.6413302547296291,0.3405395771574607,0.2127659574468085,1.0,"balanced_accuracy,higher_mcc,closer_to_zero"
lightgbm,full_safe,5,20,chronological_712,42,2024-07-02,2024-07-01,235,0.05,0.06,0.5866974527037092,0.25994235273867305,0.12340425531914893,0.0,"balanced_accuracy,higher_mcc,closer_to_zero"
lightgbm,full_safe,5,20,chronological_712,42,2024-07-02,2024-07-01,235,0.05,0.07,0.528415015641293,0.14600769411141024,0.03829787234042553,0.0,"balanced_accuracy,higher_mcc,closer_to_zero"
lightgbm,full_safe,5,20,chronological_712,42,2024-07-02,2024-07-01,235,0.05,0.08,0.5051020408163265,0.07729284925278093,0.00425531914893617,0.0,"balanced_accuracy,higher_mcc,closer_to_zero"
lightgbm,full_safe,5,20,chronological_712,42,2024-07-02,2024-07-01,235,0.05,0.1,0.5,0.0,0.0,0.0,"balanced_accuracy,higher_mcc,closer_to_zero"
lightgbm,full_safe,5,20,chronological_712,2024,2024-07-02,2024-07-01,235,0.05,0.0,0.5219722925666617,0.0649293615277413,0.8723404255319149,0.0,"balanced_accuracy,higher_mcc,closer_to_zero"
lightgbm,full_safe,5,20,chronological_712,2024,2024-07-02,2024-07-01,235,0.05,0.01,0.5643527483986295,0.14895321715359286,0.7617021276595745,0.0,"balanced_accuracy,higher_mcc,closer_to_zero"
lightgbm,full_safe,5,20,chronological_712,2024,2024-07-02,2024-07-01,235,0.05,0.02,0.5812230001489647,0.16587917248428583,0.6297872340425532,0.0,"balanced_accuracy,higher_mcc,closer_to_zero"
lightgbm,full_safe,5,20,chronological_712,2024,2024-07-02,2024-07-01,235,0.05,0.03,0.6061001042752867,0.20941124111807907,0.5191489361702127,0.0,"balanced_accuracy,higher_mcc,closer_to_zero"
lightgbm,full_safe,5,20,chronological_712,2024,2024-07-02,2024-07-01,235,0.05,0.04,0.6244227618054521,0.25090973268504935,0.39574468085106385,0.0,"balanced_accuracy,higher_mcc,closer_to_zero"
lightgbm,full_safe,5,20,chronological_712,2024,2024-07-02,2024-07-01,235,0.05,0.05,0.6332861611798004,0.306648572965689,0.2425531914893617,1.0,"balanced_accuracy,higher_mcc,closer_to_zero"
lightgbm,full_safe,5,20,chronological_712,2024,2024-07-02,2024-07-01,235,0.05,0.06,0.5998063458960227,0.2764473636291833,0.14893617021276595,0.0,"balanced_accuracy,higher_mcc,closer_to_zero"
lightgbm,full_safe,5,20,chronological_712,2024,2024-07-02,2024-07-01,235,0.05,0.07,0.528415015641293,0.14600769411141024,0.03829787234042553,0.0,"balanced_accuracy,higher_mcc,closer_to_zero"
lightgbm,full_safe,5,20,chronological_712,2024,2024-07-02,2024-07-01,235,0.05,0.08,0.5051020408163265,0.07729284925278093,0.00425531914893617,0.0,"balanced_accuracy,higher_mcc,closer_to_zero"
lightgbm,full_safe,5,20,chronological_712,2024,2024-07-02,2024-07-01,235,0.05,0.1,0.5,0.0,0.0,0.0,"balanced_accuracy,higher_mcc,closer_to_zero"
lightgbm,full_safe,5,20,chronological_712,3407,2024-07-02,2024-07-01,235,0.05,0.0,0.5198123044838373,0.052514347259391136,0.8340425531914893,0.0,"balanced_accuracy,higher_mcc,closer_to_zero"
lightgbm,full_safe,5,20,chronological_712,3407,2024-07-02,2024-07-01,235,0.05,0.01,0.5548934902428124,0.12220519374993187,0.7319148936170212,0.0,"balanced_accuracy,higher_mcc,closer_to_zero"
lightgbm,full_safe,5,20,chronological_712,3407,2024-07-02,2024-07-01,235,0.05,0.02,0.5987263518546104,0.20162571584403566,0.6297872340425532,0.0,"balanced_accuracy,higher_mcc,closer_to_zero"
lightgbm,full_safe,5,20,chronological_712,3407,2024-07-02,2024-07-01,235,0.05,0.03,0.5973484284224639,0.1921379376211508,0.5191489361702127,0.0,"balanced_accuracy,higher_mcc,closer_to_zero"
lightgbm,full_safe,5,20,chronological_712,3407,2024-07-02,2024-07-01,235,0.05,0.04,0.6142186801727991,0.2312269828461851,0.3872340425531915,0.0,"balanced_accuracy,higher_mcc,closer_to_zero"
lightgbm,full_safe,5,20,chronological_712,3407,2024-07-02,2024-07-01,235,0.05,0.05,0.6369357962162967,0.31695658534361165,0.23829787234042554,1.0,"balanced_accuracy,higher_mcc,closer_to_zero"
lightgbm,full_safe,5,20,chronological_712,3407,2024-07-02,2024-07-01,235,0.05,0.06,0.5983539401161925,0.2791659365253413,0.14042553191489363,0.0,"balanced_accuracy,higher_mcc,closer_to_zero"
lightgbm,full_safe,5,20,chronological_712,3407,2024-07-02,2024-07-01,235,0.05,0.07,0.528415015641293,0.14600769411141024,0.03829787234042553,0.0,"balanced_accuracy,higher_mcc,closer_to_zero"
lightgbm,full_safe,5,20,chronological_712,3407,2024-07-02,2024-07-01,235,0.05,0.08,0.5051020408163265,0.07729284925278093,0.00425531914893617,0.0,"balanced_accuracy,higher_mcc,closer_to_zero"
lightgbm,full_safe,5,20,chronological_712,3407,2024-07-02,2024-07-01,235,0.05,0.1,0.5,0.0,0.0,0.0,"balanced_accuracy,higher_mcc,closer_to_zero"
lightgbm,full_safe,10,5,chronological_712,42,2024-06-28,2024-06-27,231,0.05,0.0,0.5305431604862286,0.08727316150593888,0.8614718614718615,0.0,"balanced_accuracy,higher_mcc,closer_to_zero"
lightgbm,full_safe,10,5,chronological_712,42,2024-06-28,2024-06-27,231,0.05,0.01,0.5570087705800892,0.13567149065606698,0.7792207792207793,0.0,"balanced_accuracy,higher_mcc,closer_to_zero"
lightgbm,full_safe,10,5,chronological_712,42,2024-06-28,2024-06-27,231,0.05,0.02,0.5662409601477151,0.1468148430619469,0.7272727272727273,0.0,"balanced_accuracy,higher_mcc,closer_to_zero"
lightgbm,full_safe,10,5,chronological_712,42,2024-06-28,2024-06-27,231,0.05,0.03,0.5737036467148793,0.16178807813105348,0.7186147186147186,0.0,"balanced_accuracy,higher_mcc,closer_to_zero"
lightgbm,full_safe,10,5,chronological_712,42,2024-06-28,2024-06-27,231,0.05,0.04,0.5777811971072473,0.16234909356116856,0.6623376623376623,0.0,"balanced_accuracy,higher_mcc,closer_to_zero"
lightgbm,full_safe,10,5,chronological_712,42,2024-06-28,2024-06-27,231,0.05,0.05,0.6442144945376211,0.2851569820993294,0.47186147186147187,1.0,"balanced_accuracy,higher_mcc,closer_to_zero"
lightgbm,full_safe,10,5,chronological_712,42,2024-06-28,2024-06-27,231,0.05,0.06,0.6180566240960148,0.25795543473372073,0.2857142857142857,0.0,"balanced_accuracy,higher_mcc,closer_to_zero"
lightgbm,full_safe,10,5,chronological_712,42,2024-06-28,2024-06-27,231,0.05,0.07,0.568625942452685,0.19119829366244276,0.1471861471861472,0.0,"balanced_accuracy,higher_mcc,closer_to_zero"
lightgbm,full_safe,10,5,chronological_712,42,2024-06-28,2024-06-27,231,0.05,0.08,0.5512001846437913,0.17216913823968277,0.09523809523809523,0.0,"balanced_accuracy,higher_mcc,closer_to_zero"
lightgbm,full_safe,10,5,chronological_712,42,2024-06-28,2024-06-27,231,0.05,0.1,0.5051546391752577,0.07750016266375839,0.004329004329004329,0.0,"balanced_accuracy,higher_mcc,closer_to_zero"
lightgbm,full_safe,10,5,chronological_712,2024,2024-06-28,2024-06-27,231,0.05,0.0,0.5348130481612556,0.10872932912332516,0.8874458874458875,0.0,"balanced_accuracy,higher_mcc,closer_to_zero"
lightgbm,full_safe,10,5,chronological_712,2024,2024-06-28,2024-06-27,231,0.05,0.01,0.5285813202031081,0.07383832199367713,0.8225108225108225,0.0,"balanced_accuracy,higher_mcc,closer_to_zero"
lightgbm,full_safe,10,5,chronological_712,2024,2024-06-28,2024-06-27,231,0.05,0.02,0.5765502384982305,0.17140576782669298,0.7359307359307359,0.0,"balanced_accuracy,higher_mcc,closer_to_zero"
lightgbm,full_safe,10,5,chronological_712,2024,2024-06-28,2024-06-27,231,0.05,0.03,0.5685490075396215,0.14978057500667658,0.7142857142857143,0.0,"balanced_accuracy,higher_mcc,closer_to_zero"
lightgbm,full_safe,10,5,chronological_712,2024,2024-06-28,2024-06-27,231,0.05,0.04,0.5703185105400831,0.14772883734477169,0.670995670995671,0.0,"balanced_accuracy,higher_mcc,closer_to_zero"
lightgbm,full_safe,10,5,chronological_712,2024,2024-06-28,2024-06-27,231,0.05,0.05,0.6339052161871057,0.26507149380223316,0.46320346320346323,1.0,"balanced_accuracy,higher_mcc,closer_to_zero"
lightgbm,full_safe,10,5,chronological_712,2024,2024-06-28,2024-06-27,231,0.05,0.06,0.5931681797199568,0.21459659890496563,0.24242424242424243,0.0,"balanced_accuracy,higher_mcc,closer_to_zero"
lightgbm,full_safe,10,5,chronological_712,2024,2024-06-28,2024-06-27,231,0.05,0.07,0.560624711494076,0.18061061155433433,0.12554112554112554,0.0,"balanced_accuracy,higher_mcc,closer_to_zero"
lightgbm,full_safe,10,5,chronological_712,2024,2024-06-28,2024-06-27,231,0.05,0.08,0.5351977227265734,0.15655615526871663,0.05194805194805195,0.0,"balanced_accuracy,higher_mcc,closer_to_zero"
lightgbm,full_safe,10,5,chronological_712,2024,2024-06-28,2024-06-27,231,0.05,0.1,0.5,0.0,0.0,0.0,"balanced_accuracy,higher_mcc,closer_to_zero"
lightgbm,full_safe,10,5,chronological_712,3407,2024-06-28,2024-06-27,231,0.05,0.0,0.5076165563932913,0.021485098984675155,0.8571428571428571,0.0,"balanced_accuracy,higher_mcc,closer_to_zero"
lightgbm,full_safe,10,5,chronological_712,3407,2024-06-28,2024-06-27,231,0.05,0.01,0.5607401138636714,0.14355412500188694,0.7748917748917749,0.0,"balanced_accuracy,higher_mcc,closer_to_zero"
lightgbm,full_safe,10,5,chronological_712,3407,2024-06-28,2024-06-27,231,0.05,0.02,0.5662409601477151,0.1468148430619469,0.7272727272727273,0.0,"balanced_accuracy,higher_mcc,closer_to_zero"
lightgbm,full_safe,10,5,chronological_712,3407,2024-06-28,2024-06-27,231,0.05,0.03,0.5685490075396215,0.14978057500667658,0.7142857142857143,0.0,"balanced_accuracy,higher_mcc,closer_to_zero"
lightgbm,full_safe,10,5,chronological_712,3407,2024-06-28,2024-06-27,231,0.05,0.04,0.5754731497153408,0.1590991303846287,0.6753246753246753,0.0,"balanced_accuracy,higher_mcc,closer_to_zero"
lightgbm,full_safe,10,5,chronological_712,3407,2024-06-28,2024-06-27,231,0.05,0.05,0.6212878904446838,0.23995028548007707,0.4675324675324675,1.0,"balanced_accuracy,higher_mcc,closer_to_zero"
lightgbm,full_safe,10,5,chronological_712,3407,2024-06-28,2024-06-27,231,0.05,0.06,0.6100553931374058,0.24642809133274807,0.26406926406926406,0.0,"balanced_accuracy,higher_mcc,closer_to_zero"
lightgbm,full_safe,10,5,chronological_712,3407,2024-06-28,2024-06-27,231,0.05,0.07,0.5714725342360363,0.19029921225688026,0.1645021645021645,0.0,"balanced_accuracy,higher_mcc,closer_to_zero"
lightgbm,full_safe,10,5,chronological_712,3407,2024-06-28,2024-06-27,231,0.05,0.08,0.5512001846437913,0.17216913823968277,0.09523809523809523,0.0,"balanced_accuracy,higher_mcc,closer_to_zero"
lightgbm,full_safe,10,5,chronological_712,3407,2024-06-28,2024-06-27,231,0.05,0.1,0.5014232958916757,0.015164591599941216,0.008658008658008658,0.0,"balanced_accuracy,higher_mcc,closer_to_zero"
lightgbm,full_safe,10,10,chronological_712,42,2024-07-01,2024-06-28,231,0.05,0.0,0.5388905985536236,0.10247784200997681,0.8311688311688312,0.0,"balanced_accuracy,higher_mcc,closer_to_zero"
lightgbm,full_safe,10,10,chronological_712,42,2024-07-01,2024-06-28,231,0.05,0.01,0.5667795045391599,0.15381490326136266,0.7575757575757576,0.0,"balanced_accuracy,higher_mcc,closer_to_zero"
lightgbm,full_safe,10,10,chronological_712,42,2024-07-01,2024-06-28,231,0.05,0.02,0.5676642560393906,0.15150891739052913,0.7359307359307359,0.0,"balanced_accuracy,higher_mcc,closer_to_zero"
lightgbm,full_safe,10,10,chronological_712,42,2024-07-01,2024-06-28,231,0.05,0.03,0.5671257116479458,0.14538141998334636,0.7056277056277056,0.0,"balanced_accuracy,higher_mcc,closer_to_zero"
lightgbm,full_safe,10,10,chronological_712,42,2024-07-01,2024-06-28,231,0.05,0.04,0.5740498538236651,0.15505534602959944,0.6666666666666666,0.0,"balanced_accuracy,higher_mcc,closer_to_zero"
lightgbm,full_safe,10,10,chronological_712,42,2024-07-01,2024-06-28,231,0.05,0.05,0.6278658255116172,0.25262169011866487,0.4805194805194805,1.0,"balanced_accuracy,higher_mcc,closer_to_zero"
lightgbm,full_safe,10,10,chronological_712,42,2024-07-01,2024-06-28,231,0.05,0.06,0.6255193106631789,0.27684111192633754,0.27705627705627706,0.0,"balanced_accuracy,higher_mcc,closer_to_zero"
lightgbm,full_safe,10,10,chronological_712,42,2024-07-01,2024-06-28,231,0.05,0.07,0.6015156177873519,0.2451135894880128,0.21212121212121213,0.0,"balanced_accuracy,higher_mcc,closer_to_zero"
lightgbm,full_safe,10,10,chronological_712,42,2024-07-01,2024-06-28,231,0.05,0.08,0.5835513155870135,0.24533691421718345,0.12987012987012986,0.0,"balanced_accuracy,higher_mcc,closer_to_zero"
lightgbm,full_safe,10,10,chronological_712,42,2024-07-01,2024-06-28,231,0.05,0.1,0.5065779350669334,0.05734952077800378,0.012987012987012988,0.0,"balanced_accuracy,higher_mcc,closer_to_zero"
lightgbm,full_safe,10,10,chronological_712,2024,2024-07-01,2024-06-28,231,0.05,0.0,0.5445837821203262,0.12910686181191905,0.8658008658008658,0.0,"balanced_accuracy,higher_mcc,closer_to_zero"
lightgbm,full_safe,10,10,chronological_712,2024,2024-07-01,2024-06-28,231,0.05,0.01,0.5547007231881828,0.13308072756275777,0.7922077922077922,0.0,"balanced_accuracy,higher_mcc,closer_to_zero"
lightgbm,full_safe,10,10,chronological_712,2024,2024-07-01,2024-06-28,231,0.05,0.02,0.5713955993229728,0.1590378545980764,0.7316017316017316,0.0,"balanced_accuracy,higher_mcc,closer_to_zero"
lightgbm,full_safe,10,10,chronological_712,2024,2024-07-01,2024-06-28,231,0.05,0.03,0.5530850900138482,0.1144876833246658,0.7012987012987013,0.0,"balanced_accuracy,higher_mcc,closer_to_zero"
lightgbm,full_safe,10,10,chronological_712,2024,2024-07-01,2024-06-28,231,0.05,0.04,0.5912832743499,0.18731008523954218,0.6363636363636364,0.0,"balanced_accuracy,higher_mcc,closer_to_zero"
lightgbm,full_safe,10,10,chronological_712,2024,2024-07-01,2024-06-28,231,0.05,0.05,0.6721034005231574,0.3470215135454921,0.39826839826839827,1.0,"balanced_accuracy,higher_mcc,closer_to_zero"
lightgbm,full_safe,10,10,chronological_712,2024,2024-07-01,2024-06-28,231,0.05,0.06,0.6198261270964764,0.27599851593268704,0.24242424242424243,0.0,"balanced_accuracy,higher_mcc,closer_to_zero"
lightgbm,full_safe,10,10,chronological_712,2024,2024-07-01,2024-06-28,231,0.05,0.07,0.584974611478689,0.2428040475650113,0.13852813852813853,0.0,"balanced_accuracy,higher_mcc,closer_to_zero"
lightgbm,full_safe,10,10,chronological_712,2024,2024-07-01,2024-06-28,231,0.05,0.08,0.5469302969687644,0.1824493594950942,0.06926406926406926,0.0,"balanced_accuracy,higher_mcc,closer_to_zero"
lightgbm,full_safe,10,10,chronological_712,2024,2024-07-01,2024-06-28,231,0.05,0.1,0.5051546391752577,0.07750016266375839,0.004329004329004329,0.0,"balanced_accuracy,higher_mcc,closer_to_zero"
lightgbm,full_safe,10,10,chronological_712,3407,2024-07-01,2024-06-28,231,0.05,0.0,0.5403138944452992,0.10849788924001466,0.8398268398268398,0.0,"balanced_accuracy,higher_mcc,closer_to_zero"
lightgbm,full_safe,10,10,chronological_712,3407,2024-07-01,2024-06-28,231,0.05,0.01,0.5518541314048315,0.12255285655639239,0.7748917748917749,0.0,"balanced_accuracy,higher_mcc,closer_to_zero"
lightgbm,full_safe,10,10,chronological_712,3407,2024-07-01,2024-06-28,231,0.05,0.02,0.5676642560393906,0.15150891739052913,0.7359307359307359,0.0,"balanced_accuracy,higher_mcc,closer_to_zero"
lightgbm,full_safe,10,10,chronological_712,3407,2024-07-01,2024-06-28,231,0.05,0.03,0.558239729189106,0.1261360858766684,0.7056277056277056,0.0,"balanced_accuracy,higher_mcc,closer_to_zero"
lightgbm,full_safe,10,10,chronological_712,3407,2024-07-01,2024-06-28,231,0.05,0.04,0.582935836282505,0.1736619875531514,0.6666666666666666,0.0,"balanced_accuracy,higher_mcc,closer_to_zero"
lightgbm,full_safe,10,10,chronological_712,3407,2024-07-01,2024-06-28,231,0.05,0.05,0.6502538852131097,0.29786127936488127,0.45454545454545453,1.0,"balanced_accuracy,higher_mcc,closer_to_zero"
lightgbm,full_safe,10,10,chronological_712,3407,2024-07-01,2024-06-28,231,0.05,0.06,0.6306739498384366,0.2868445205695139,0.2813852813852814,0.0,"balanced_accuracy,higher_mcc,closer_to_zero"
lightgbm,full_safe,10,10,chronological_712,3407,2024-07-01,2024-06-28,231,0.05,0.07,0.5963609786120941,0.23443545889219986,0.2077922077922078,0.0,"balanced_accuracy,higher_mcc,closer_to_zero"
lightgbm,full_safe,10,10,chronological_712,3407,2024-07-01,2024-06-28,231,0.05,0.08,0.5732420372364979,0.22151423648678595,0.12121212121212122,0.0,"balanced_accuracy,higher_mcc,closer_to_zero"
lightgbm,full_safe,10,10,chronological_712,3407,2024-07-01,2024-06-28,231,0.05,0.1,0.5117325742421911,0.08878071713718416,0.017316017316017316,0.0,"balanced_accuracy,higher_mcc,closer_to_zero"
lightgbm,full_safe,10,15,chronological_712,42,2024-07-02,2024-07-01,230,0.06,0.0,0.548135803426091,0.11885626561123501,0.8,0.0,"balanced_accuracy,higher_mcc,closer_to_zero"
lightgbm,full_safe,10,15,chronological_712,42,2024-07-02,2024-07-01,230,0.06,0.01,0.5679017130455004,0.15626214321005152,0.7565217391304347,0.0,"balanced_accuracy,higher_mcc,closer_to_zero"
lightgbm,full_safe,10,15,chronological_712,42,2024-07-02,2024-07-01,230,0.06,0.02,0.5740252693589644,0.1665028201348766,0.7391304347826086,0.0,"balanced_accuracy,higher_mcc,closer_to_zero"
lightgbm,full_safe,10,15,chronological_712,42,2024-07-02,2024-07-01,230,0.06,0.03,0.5712347880009302,0.15699643415111444,0.7217391304347827,0.0,"balanced_accuracy,higher_mcc,closer_to_zero"
lightgbm,full_safe,10,15,chronological_712,42,2024-07-02,2024-07-01,230,0.06,0.04,0.5642585846058445,0.1358609601701402,0.6782608695652174,0.0,"balanced_accuracy,higher_mcc,closer_to_zero"
lightgbm,full_safe,10,15,chronological_712,42,2024-07-02,2024-07-01,230,0.06,0.05,0.6306487869157429,0.2581159916936293,0.508695652173913,0.0,"balanced_accuracy,higher_mcc,closer_to_zero"
lightgbm,full_safe,10,15,chronological_712,42,2024-07-02,2024-07-01,230,0.06,0.06,0.6468878381520813,0.31529603623204766,0.30434782608695654,1.0,"balanced_accuracy,higher_mcc,closer_to_zero"
lightgbm,full_safe,10,15,chronological_712,42,2024-07-02,2024-07-01,230,0.06,0.07,0.6165025966979304,0.2750841804346552,0.22608695652173913,0.0,"balanced_accuracy,higher_mcc,closer_to_zero"
lightgbm,full_safe,10,15,chronological_712,42,2024-07-02,2024-07-01,230,0.06,0.08,0.5720486783970234,0.20299139078955222,0.14347826086956522,0.0,"balanced_accuracy,higher_mcc,closer_to_zero"
lightgbm,full_safe,10,15,chronological_712,42,2024-07-02,2024-07-01,230,0.06,0.1,0.5271684365553058,0.15620857795709894,0.030434782608695653,0.0,"balanced_accuracy,higher_mcc,closer_to_zero"
lightgbm,full_safe,10,15,chronological_712,2024,2024-07-02,2024-07-01,230,0.06,0.0,0.5542593597395551,0.12992570837501893,0.782608695652174,0.0,"balanced_accuracy,higher_mcc,closer_to_zero"
lightgbm,full_safe,10,15,chronological_712,2024,2024-07-02,2024-07-01,230,0.06,0.01,0.5627470738702426,0.1435405750409248,0.7521739130434782,0.0,"balanced_accuracy,higher_mcc,closer_to_zero"
lightgbm,full_safe,10,15,chronological_712,2024,2024-07-02,2024-07-01,230,0.06,0.02,0.5702658708627237,0.15891396198487862,0.7434782608695653,0.0,"balanced_accuracy,higher_mcc,closer_to_zero"
lightgbm,full_safe,10,15,chronological_712,2024,2024-07-02,2024-07-01,230,0.06,0.03,0.5815440663514456,0.18150289740710446,0.7304347826086957,0.0,"balanced_accuracy,higher_mcc,closer_to_zero"
lightgbm,full_safe,10,15,chronological_712,2024,2024-07-02,2024-07-01,230,0.06,0.04,0.5656538252848616,0.13983211505063883,0.6869565217391305,0.0,"balanced_accuracy,higher_mcc,closer_to_zero"
lightgbm,full_safe,10,15,chronological_712,2024,2024-07-02,2024-07-01,230,0.06,0.05,0.6122781179753507,0.22345046643180283,0.5608695652173913,0.0,"balanced_accuracy,higher_mcc,closer_to_zero"
lightgbm,full_safe,10,15,chronological_712,2024,2024-07-02,2024-07-01,230,0.06,0.06,0.6599875978606309,0.33593932437230467,0.33043478260869563,1.0,"balanced_accuracy,higher_mcc,closer_to_zero"
lightgbm,full_safe,10,15,chronological_712,2024,2024-07-02,2024-07-01,230,0.06,0.07,0.6268118750484458,0.2954938139775756,0.23478260869565218,0.0,"balanced_accuracy,higher_mcc,closer_to_zero"
lightgbm,full_safe,10,15,chronological_712,2024,2024-07-02,2024-07-01,230,0.06,0.08,0.582357956747539,0.22646230267184536,0.15217391304347827,0.0,"balanced_accuracy,higher_mcc,closer_to_zero"
lightgbm,full_safe,10,15,chronological_712,2024,2024-07-02,2024-07-01,230,0.06,0.1,0.5323230757305635,0.17423399004639914,0.034782608695652174,0.0,"balanced_accuracy,higher_mcc,closer_to_zero"
lightgbm,full_safe,10,15,chronological_712,3407,2024-07-02,2024-07-01,230,0.06,0.0,0.5518952019223315,0.12711430156777365,0.7956521739130434,0.0,"balanced_accuracy,higher_mcc,closer_to_zero"
lightgbm,full_safe,10,15,chronological_712,3407,2024-07-02,2024-07-01,230,0.06,0.01,0.5665064723664832,0.15126114225322657,0.7478260869565218,0.0,"balanced_accuracy,higher_mcc,closer_to_zero"
lightgbm,full_safe,10,15,chronological_712,3407,2024-07-02,2024-07-01,230,0.06,0.02,0.5702658708627237,0.15891396198487862,0.7434782608695653,0.0,"balanced_accuracy,higher_mcc,closer_to_zero"
lightgbm,full_safe,10,15,chronological_712,3407,2024-07-02,2024-07-01,230,0.06,0.03,0.5801488256724285,0.1766423426683921,0.7217391304347827,0.0,"balanced_accuracy,higher_mcc,closer_to_zero"
lightgbm,full_safe,10,15,chronological_712,3407,2024-07-02,2024-07-01,230,0.06,0.04,0.5694132237811023,0.14728978965979048,0.6826086956521739,0.0,"balanced_accuracy,higher_mcc,closer_to_zero"
lightgbm,full_safe,10,15,chronological_712,3407,2024-07-02,2024-07-01,230,0.06,0.05,0.6371986667700178,0.27127177481818776,0.5217391304347826,0.0,"balanced_accuracy,higher_mcc,closer_to_zero"
lightgbm,full_safe,10,15,chronological_712,3407,2024-07-02,2024-07-01,230,0.06,0.06,0.6482830788310984,0.31581916893963646,0.3130434782608696,1.0,"balanced_accuracy,higher_mcc,closer_to_zero"
lightgbm,full_safe,10,15,chronological_712,3407,2024-07-02,2024-07-01,230,0.06,0.07,0.620261995194171,0.285929183718984,0.2217391304347826,0.0,"balanced_accuracy,higher_mcc,closer_to_zero"
lightgbm,full_safe,10,15,chronological_712,3407,2024-07-02,2024-07-01,230,0.06,0.08,0.588481513061003,0.25590975365541146,0.13478260869565217,0.0,"balanced_accuracy,higher_mcc,closer_to_zero"
lightgbm,full_safe,10,15,chronological_712,3407,2024-07-02,2024-07-01,230,0.06,0.1,0.5323230757305635,0.17423399004639914,0.034782608695652174,0.0,"balanced_accuracy,higher_mcc,closer_to_zero"
lightgbm,full_safe,10,20,chronological_712,42,2024-07-03,2024-07-02,230,0.06,0.0,0.5333178726035869,0.08377693200599566,0.808695652173913,0.0,"balanced_accuracy,higher_mcc,closer_to_zero"
lightgbm,full_safe,10,20,chronological_712,42,2024-07-03,2024-07-02,230,0.06,0.01,0.557204700061843,0.13263597763982912,0.7608695652173914,0.0,"balanced_accuracy,higher_mcc,closer_to_zero"
lightgbm,full_safe,10,20,chronological_712,42,2024-07-03,2024-07-02,230,0.06,0.02,0.5685683364254793,0.15616201055396495,0.7478260869565218,0.0,"balanced_accuracy,higher_mcc,closer_to_zero"
lightgbm,full_safe,10,20,chronological_712,42,2024-07-03,2024-07-02,230,0.06,0.03,0.5875077303648732,0.19406530929718357,0.7260869565217392,0.0,"balanced_accuracy,higher_mcc,closer_to_zero"
lightgbm,full_safe,10,20,chronological_712,42,2024-07-03,2024-07-02,230,0.06,0.04,0.5718923933209648,0.14928711240257503,0.6521739130434783,0.0,"balanced_accuracy,higher_mcc,closer_to_zero"
lightgbm,full_safe,10,20,chronological_712,42,2024-07-03,2024-07-02,230,0.06,0.05,0.6333487940630798,0.2637674806699987,0.5,0.0,"balanced_accuracy,higher_mcc,closer_to_zero"
lightgbm,full_safe,10,20,chronological_712,42,2024-07-03,2024-07-02,230,0.06,0.06,0.6347402597402597,0.2988125742976952,0.27391304347826084,1.0,"balanced_accuracy,higher_mcc,closer_to_zero"
lightgbm,full_safe,10,20,chronological_712,42,2024-07-03,2024-07-02,230,0.06,0.07,0.5911410018552876,0.22917170031338488,0.19130434782608696,0.0,"balanced_accuracy,higher_mcc,closer_to_zero"
lightgbm,full_safe,10,20,chronological_712,42,2024-07-03,2024-07-02,230,0.06,0.08,0.5435992578849722,0.15663581390021536,0.08260869565217391,0.0,"balanced_accuracy,higher_mcc,closer_to_zero"
lightgbm,full_safe,10,20,chronological_712,42,2024-07-03,2024-07-02,230,0.06,0.1,0.5153061224489796,0.13342021203817309,0.013043478260869565,0.0,"balanced_accuracy,higher_mcc,closer_to_zero"
lightgbm,full_safe,10,20,chronological_712,2024,2024-07-03,2024-07-02,230,0.06,0.0,0.5321583178726036,0.08475675788068748,0.8304347826086956,0.0,"balanced_accuracy,higher_mcc,closer_to_zero"
lightgbm,full_safe,10,20,chronological_712,2024,2024-07-03,2024-07-02,230,0.06,0.01,0.5534168212739641,0.12463924963924963,0.7652173913043478,0.0,"balanced_accuracy,higher_mcc,closer_to_zero"
lightgbm,full_safe,10,20,chronological_712,2024,2024-07-03,2024-07-02,230,0.06,0.02,0.5685683364254793,0.15616201055396495,0.7478260869565218,0.0,"balanced_accuracy,higher_mcc,closer_to_zero"
lightgbm,full_safe,10,20,chronological_712,2024,2024-07-03,2024-07-02,230,0.06,0.03,0.5875077303648732,0.19406530929718357,0.7260869565217392,0.0,"balanced_accuracy,higher_mcc,closer_to_zero"
lightgbm,full_safe,10,20,chronological_712,2024,2024-07-03,2024-07-02,230,0.06,0.04,0.5796227581941867,0.1679850899067295,0.6739130434782609,0.0,"balanced_accuracy,higher_mcc,closer_to_zero"
lightgbm,full_safe,10,20,chronological_712,2024,2024-07-03,2024-07-02,230,0.06,0.05,0.6185064935064934,0.23733427357367629,0.5782608695652174,0.0,"balanced_accuracy,higher_mcc,closer_to_zero"
lightgbm,full_safe,10,20,chronological_712,2024,2024-07-03,2024-07-02,230,0.06,0.06,0.6595547309833024,0.32100094001200496,0.40869565217391307,1.0,"balanced_accuracy,higher_mcc,closer_to_zero"
lightgbm,full_safe,10,20,chronological_712,2024,2024-07-03,2024-07-02,230,0.06,0.07,0.6243815708101422,0.2902236652236652,0.23478260869565218,0.0,"balanced_accuracy,higher_mcc,closer_to_zero"
lightgbm,full_safe,10,20,chronological_712,2024,2024-07-03,2024-07-02,230,0.06,0.08,0.58078231292517,0.22243081585700933,0.15217391304347827,0.0,"balanced_accuracy,higher_mcc,closer_to_zero"
lightgbm,full_safe,10,20,chronological_712,2024,2024-07-03,2024-07-02,230,0.06,0.1,0.5319264069264069,0.17232907748639215,0.034782608695652174,0.0,"balanced_accuracy,higher_mcc,closer_to_zero"
lightgbm,full_safe,10,20,chronological_712,3407,2024-07-03,2024-07-02,230,0.05,0.0,0.5408936301793446,0.10111086759016617,0.8,0.0,"balanced_accuracy,higher_mcc,closer_to_zero"
lightgbm,full_safe,10,20,chronological_712,3407,2024-07-03,2024-07-02,230,0.05,0.01,0.557204700061843,0.13263597763982912,0.7608695652173914,0.0,"balanced_accuracy,higher_mcc,closer_to_zero"
lightgbm,full_safe,10,20,chronological_712,3407,2024-07-03,2024-07-02,230,0.05,0.02,0.5761440940012369,0.17150079470600565,0.7391304347826086,0.0,"balanced_accuracy,higher_mcc,closer_to_zero"
lightgbm,full_safe,10,20,chronological_712,3407,2024-07-03,2024-07-02,230,0.05,0.03,0.5824056895485468,0.18186250377178942,0.7217391304347827,0.0,"balanced_accuracy,higher_mcc,closer_to_zero"
lightgbm,full_safe,10,20,chronological_712,3407,2024-07-03,2024-07-02,230,0.05,0.04,0.5707328385899815,0.149229473072483,0.6739130434782609,0.0,"balanced_accuracy,higher_mcc,closer_to_zero"
lightgbm,full_safe,10,20,chronological_712,3407,2024-07-03,2024-07-02,230,0.05,0.05,0.6687538651824365,0.33441976306361215,0.46956521739130436,1.0,"balanced_accuracy,higher_mcc,closer_to_zero"
lightgbm,full_safe,10,20,chronological_712,3407,2024-07-03,2024-07-02,230,0.05,0.06,0.6436301793444651,0.31852768964149036,0.27391304347826084,0.0,"balanced_accuracy,higher_mcc,closer_to_zero"
lightgbm,full_safe,10,20,chronological_712,3407,2024-07-03,2024-07-02,230,0.05,0.07,0.5898268398268398,0.2299495428099268,0.1826086956521739,0.0,"balanced_accuracy,higher_mcc,closer_to_zero"
lightgbm,full_safe,10,20,chronological_712,3407,2024-07-03,2024-07-02,230,0.05,0.08,0.5500154607297465,0.1681865511556678,0.09565217391304348,0.0,"balanced_accuracy,higher_mcc,closer_to_zero"
lightgbm,full_safe,10,20,chronological_712,3407,2024-07-03,2024-07-02,230,0.05,0.1,0.5102040816326531,0.10869798717895458,0.008695652173913044,0.0,"balanced_accuracy,higher_mcc,closer_to_zero"
lightgbm,full_safe,15,5,chronological_712,42,2024-07-01,2024-06-28,226,0.06,0.0,0.5574769433465085,0.193071406830553,0.9070796460176991,0.0,"balanced_accuracy,higher_mcc,closer_to_zero"
lightgbm,full_safe,15,5,chronological_712,42,2024-07-01,2024-06-28,226,0.06,0.01,0.5523715415019763,0.14117426204315617,0.8451327433628318,0.0,"balanced_accuracy,higher_mcc,closer_to_zero"
lightgbm,full_safe,15,5,chronological_712,42,2024-07-01,2024-06-28,226,0.06,0.02,0.5953557312252964,0.22094357649855775,0.7699115044247787,0.0,"balanced_accuracy,higher_mcc,closer_to_zero"
lightgbm,full_safe,15,5,chronological_712,42,2024-07-01,2024-06-28,226,0.06,0.03,0.6367753623188406,0.2933504709255987,0.7079646017699115,0.0,"balanced_accuracy,higher_mcc,closer_to_zero"
lightgbm,full_safe,15,5,chronological_712,42,2024-07-01,2024-06-28,226,0.06,0.04,0.6611495388669302,0.32601146781420953,0.6327433628318584,0.0,"balanced_accuracy,higher_mcc,closer_to_zero"
lightgbm,full_safe,15,5,chronological_712,42,2024-07-01,2024-06-28,226,0.06,0.05,0.6886528326745718,0.3686639312868844,0.5309734513274337,0.0,"balanced_accuracy,higher_mcc,closer_to_zero"
lightgbm,full_safe,15,5,chronological_712,42,2024-07-01,2024-06-28,226,0.06,0.06,0.7348484848484849,0.48031530402585876,0.3495575221238938,1.0,"balanced_accuracy,higher_mcc,closer_to_zero"
lightgbm,full_safe,15,5,chronological_712,42,2024-07-01,2024-06-28,226,0.06,0.07,0.7060276679841897,0.48065372164673753,0.22566371681415928,0.0,"balanced_accuracy,higher_mcc,closer_to_zero"
lightgbm,full_safe,15,5,chronological_712,42,2024-07-01,2024-06-28,226,0.06,0.08,0.6032608695652174,0.30565748974169876,0.12389380530973451,0.0,"balanced_accuracy,higher_mcc,closer_to_zero"
lightgbm,full_safe,15,5,chronological_712,42,2024-07-01,2024-06-28,226,0.06,0.1,0.5397727272727273,0.22388508883184993,0.030973451327433628,0.0,"balanced_accuracy,higher_mcc,closer_to_zero"
lightgbm,full_safe,15,5,chronological_712,2024,2024-07-01,2024-06-28,226,0.06,0.0,0.5419960474308301,0.12627310863239077,0.8805309734513275,0.0,"balanced_accuracy,higher_mcc,closer_to_zero"
lightgbm,full_safe,15,5,chronological_712,2024,2024-07-01,2024-06-28,226,0.06,0.01,0.5591238471673254,0.14823132952539864,0.8141592920353983,0.0,"balanced_accuracy,higher_mcc,closer_to_zero"
lightgbm,full_safe,15,5,chronological_712,2024,2024-07-01,2024-06-28,226,0.06,0.02,0.6062252964426877,0.24141231836463758,0.7566371681415929,0.0,"balanced_accuracy,higher_mcc,closer_to_zero"
lightgbm,full_safe,15,5,chronological_712,2024,2024-07-01,2024-06-28,226,0.06,0.03,0.6290349143610013,0.2732396631619487,0.6946902654867256,0.0,"balanced_accuracy,higher_mcc,closer_to_zero"
lightgbm,full_safe,15,5,chronological_712,2024,2024-07-01,2024-06-28,226,0.06,0.04,0.6502799736495388,0.3064718315456769,0.6460176991150443,0.0,"balanced_accuracy,higher_mcc,closer_to_zero"
lightgbm,full_safe,15,5,chronological_712,2024,2024-07-01,2024-06-28,226,0.06,0.05,0.6845355731225297,0.36005233830948546,0.5132743362831859,0.0,"balanced_accuracy,higher_mcc,closer_to_zero"
lightgbm,full_safe,15,5,chronological_712,2024,2024-07-01,2024-06-28,226,0.06,0.06,0.708498023715415,0.4303882360158708,0.336283185840708,1.0,"balanced_accuracy,higher_mcc,closer_to_zero"
lightgbm,full_safe,15,5,chronological_712,2024,2024-07-01,2024-06-28,226,0.06,0.07,0.6626317523056653,0.3971647279701667,0.19911504424778761,0.0,"balanced_accuracy,higher_mcc,closer_to_zero"
lightgbm,full_safe,15,5,chronological_712,2024,2024-07-01,2024-06-28,226,0.06,0.08,0.591897233201581,0.2808740646528049,0.11504424778761062,0.0,"balanced_accuracy,higher_mcc,closer_to_zero"
lightgbm,full_safe,15,5,chronological_712,2024,2024-07-01,2024-06-28,226,0.06,0.1,0.5454545454545454,0.23989155181149133,0.035398230088495575,0.0,"balanced_accuracy,higher_mcc,closer_to_zero"
lightgbm,full_safe,15,5,chronological_712,3407,2024-07-01,2024-06-28,226,0.06,0.0,0.5285737812911726,0.08099914573592717,0.8628318584070797,0.0,"balanced_accuracy,higher_mcc,closer_to_zero"
lightgbm,full_safe,15,5,chronological_712,3407,2024-07-01,2024-06-28,226,0.06,0.01,0.5591238471673254,0.14823132952539864,0.8141592920353983,0.0,"balanced_accuracy,higher_mcc,closer_to_zero"
lightgbm,full_safe,15,5,chronological_712,3407,2024-07-01,2024-06-28,226,0.06,0.02,0.5989789196310935,0.2278203935190232,0.7654867256637168,0.0,"balanced_accuracy,higher_mcc,closer_to_zero"
lightgbm,full_safe,15,5,chronological_712,3407,2024-07-01,2024-06-28,226,0.06,0.03,0.6057312252964426,0.2334987021116053,0.7345132743362832,0.0,"balanced_accuracy,higher_mcc,closer_to_zero"
lightgbm,full_safe,15,5,chronological_712,3407,2024-07-01,2024-06-28,226,0.06,0.04,0.6321640316205533,0.2737190649818995,0.668141592920354,0.0,"balanced_accuracy,higher_mcc,closer_to_zero"
lightgbm,full_safe,15,5,chronological_712,3407,2024-07-01,2024-06-28,226,0.06,0.05,0.6705368906455863,0.33451340183699274,0.5530973451327433,0.0,"balanced_accuracy,higher_mcc,closer_to_zero"
lightgbm,full_safe,15,5,chronological_712,3407,2024-07-01,2024-06-28,226,0.06,0.06,0.7151679841897234,0.43124244500035297,0.38495575221238937,1.0,"balanced_accuracy,higher_mcc,closer_to_zero"
lightgbm,full_safe,15,5,chronological_712,3407,2024-07-01,2024-06-28,226,0.06,0.07,0.6997694334650857,0.43448604883036235,0.27876106194690264,0.0,"balanced_accuracy,higher_mcc,closer_to_zero"
lightgbm,full_safe,15,5,chronological_712,3407,2024-07-01,2024-06-28,226,0.06,0.08,0.622364953886693,0.3379343209267823,0.14601769911504425,0.0,"balanced_accuracy,higher_mcc,closer_to_zero"
lightgbm,full_safe,15,5,chronological_712,3407,2024-07-01,2024-06-28,226,0.06,0.1,0.5511363636363636,0.25502901582127213,0.03982300884955752,0.0,"balanced_accuracy,higher_mcc,closer_to_zero"
lightgbm,full_safe,15,10,chronological_712,42,2024-07-02,2024-07-01,225,0.06,0.0,0.5231005308560053,0.09333581628590876,0.9377777777777778,0.0,"balanced_accuracy,higher_mcc,closer_to_zero"
lightgbm,full_safe,15,10,chronological_712,42,2024-07-02,2024-07-01,225,0.06,0.01,0.5551177836761778,0.1520602769007207,0.8533333333333334,0.0,"balanced_accuracy,higher_mcc,closer_to_zero"
lightgbm,full_safe,15,10,chronological_712,42,2024-07-02,2024-07-01,225,0.06,0.02,0.5709190444591905,0.1730421814166591,0.8,0.0,"balanced_accuracy,higher_mcc,closer_to_zero"
lightgbm,full_safe,15,10,chronological_712,42,2024-07-02,2024-07-01,225,0.06,0.03,0.5903699402786994,0.20164310590048215,0.7422222222222222,0.0,"balanced_accuracy,higher_mcc,closer_to_zero"
lightgbm,full_safe,15,10,chronological_712,42,2024-07-02,2024-07-01,225,0.06,0.04,0.6191522893165229,0.2502329360056405,0.6844444444444444,0.0,"balanced_accuracy,higher_mcc,closer_to_zero"
lightgbm,full_safe,15,10,chronological_712,42,2024-07-02,2024-07-01,225,0.06,0.05,0.6917302587923025,0.3783483132293794,0.5733333333333334,0.0,"balanced_accuracy,higher_mcc,closer_to_zero"
lightgbm,full_safe,15,10,chronological_712,42,2024-07-02,2024-07-01,225,0.06,0.06,0.7298025879230259,0.45546823140701115,0.41333333333333333,1.0,"balanced_accuracy,higher_mcc,closer_to_zero"
lightgbm,full_safe,15,10,chronological_712,42,2024-07-02,2024-07-01,225,0.06,0.07,0.7143331121433312,0.4636795692354635,0.28444444444444444,0.0,"balanced_accuracy,higher_mcc,closer_to_zero"
lightgbm,full_safe,15,10,chronological_712,42,2024-07-02,2024-07-01,225,0.06,0.08,0.6359903782349038,0.34063526478470946,0.18666666666666668,0.0,"balanced_accuracy,higher_mcc,closer_to_zero"
lightgbm,full_safe,15,10,chronological_712,42,2024-07-02,2024-07-01,225,0.06,0.1,0.5401874585268746,0.17455879394927265,0.05333333333333334,0.0,"balanced_accuracy,higher_mcc,closer_to_zero"
lightgbm,full_safe,15,10,chronological_712,2024,2024-07-02,2024-07-01,225,0.07,0.0,0.5299850696748507,0.10060323510036688,0.9066666666666666,0.0,"balanced_accuracy,higher_mcc,closer_to_zero"
lightgbm,full_safe,15,10,chronological_712,2024,2024-07-02,2024-07-01,225,0.07,0.01,0.5660666887856669,0.1758862962066359,0.84,0.0,"balanced_accuracy,higher_mcc,closer_to_zero"
lightgbm,full_safe,15,10,chronological_712,2024,2024-07-02,2024-07-01,225,0.07,0.02,0.5782183145321831,0.18779375185655364,0.7911111111111111,0.0,"balanced_accuracy,higher_mcc,closer_to_zero"
lightgbm,full_safe,15,10,chronological_712,2024,2024-07-02,2024-07-01,225,0.07,0.03,0.6086181154611812,0.2361054961020622,0.72,0.0,"balanced_accuracy,higher_mcc,closer_to_zero"
lightgbm,full_safe,15,10,chronological_712,2024,2024-07-02,2024-07-01,225,0.07,0.04,0.6337508294625083,0.276918415588126,0.6666666666666666,0.0,"balanced_accuracy,higher_mcc,closer_to_zero"
lightgbm,full_safe,15,10,chronological_712,2024,2024-07-02,2024-07-01,225,0.07,0.05,0.6710351692103517,0.3366682322491019,0.5644444444444444,0.0,"balanced_accuracy,higher_mcc,closer_to_zero"
lightgbm,full_safe,15,10,chronological_712,2024,2024-07-02,2024-07-01,225,0.07,0.06,0.6867949568679496,0.3708318502406013,0.4088888888888889,0.0,"balanced_accuracy,higher_mcc,closer_to_zero"
lightgbm,full_safe,15,10,chronological_712,2024,2024-07-02,2024-07-01,225,0.07,0.07,0.7159505640345056,0.4741318350277056,0.27111111111111114,1.0,"balanced_accuracy,higher_mcc,closer_to_zero"
lightgbm,full_safe,15,10,chronological_712,2024,2024-07-02,2024-07-01,225,0.07,0.08,0.6603351028533511,0.39800663150244375,0.19111111111111112,0.0,"balanced_accuracy,higher_mcc,closer_to_zero"
lightgbm,full_safe,15,10,chronological_712,2024,2024-07-02,2024-07-01,225,0.07,0.1,0.5588503649635037,0.25562324934367175,0.05333333333333334,0.0,"balanced_accuracy,higher_mcc,closer_to_zero"
lightgbm,full_safe,15,10,chronological_712,3407,2024-07-02,2024-07-01,225,0.06,0.0,0.5393165228931652,0.1319112958162487,0.9066666666666666,0.0,"balanced_accuracy,higher_mcc,closer_to_zero"
lightgbm,full_safe,15,10,chronological_712,3407,2024-07-02,2024-07-01,225,0.06,0.01,0.5697163238221632,0.18356349042178813,0.8355555555555556,0.0,"balanced_accuracy,higher_mcc,closer_to_zero"
lightgbm,full_safe,15,10,chronological_712,3407,2024-07-02,2024-07-01,225,0.06,0.02,0.5855175846051759,0.20222398643617287,0.7822222222222223,0.0,"balanced_accuracy,higher_mcc,closer_to_zero"
lightgbm,full_safe,15,10,chronological_712,3407,2024-07-02,2024-07-01,225,0.06,0.03,0.6086181154611812,0.2361054961020622,0.72,0.0,"balanced_accuracy,higher_mcc,closer_to_zero"
lightgbm,full_safe,15,10,chronological_712,3407,2024-07-02,2024-07-01,225,0.06,0.04,0.6446997345719974,0.29675181308625664,0.6533333333333333,0.0,"balanced_accuracy,higher_mcc,closer_to_zero"
lightgbm,full_safe,15,10,chronological_712,3407,2024-07-02,2024-07-01,225,0.06,0.05,0.7038818845388188,0.3984532394942892,0.5244444444444445,0.0,"balanced_accuracy,higher_mcc,closer_to_zero"
lightgbm,full_safe,15,10,chronological_712,3407,2024-07-02,2024-07-01,225,0.06,0.06,0.7273556735235567,0.45664718606831334,0.38222222222222224,1.0,"balanced_accuracy,higher_mcc,closer_to_zero"
lightgbm,full_safe,15,10,chronological_712,3407,2024-07-02,2024-07-01,225,0.06,0.07,0.698905109489051,0.44381841941198363,0.2577777777777778,0.0,"balanced_accuracy,higher_mcc,closer_to_zero"
lightgbm,full_safe,15,10,chronological_712,3407,2024-07-02,2024-07-01,225,0.06,0.08,0.6355756469807564,0.3569714754246433,0.16444444444444445,0.0,"balanced_accuracy,higher_mcc,closer_to_zero"
lightgbm,full_safe,15,10,chronological_712,3407,2024-07-02,2024-07-01,225,0.06,0.1,0.5511363636363636,0.2546908405153673,0.04,0.0,"balanced_accuracy,higher_mcc,closer_to_zero"
lightgbm,full_safe,15,15,chronological_712,42,2024-07-03,2024-07-02,225,0.06,0.0,0.532468605419696,0.10286187557939953,0.8933333333333333,0.0,"balanced_accuracy,higher_mcc,closer_to_zero"
lightgbm,full_safe,15,15,chronological_712,42,2024-07-03,2024-07-02,225,0.06,0.01,0.5467614011896893,0.12205887639457666,0.8311111111111111,0.0,"balanced_accuracy,higher_mcc,closer_to_zero"
lightgbm,full_safe,15,15,chronological_712,42,2024-07-03,2024-07-02,225,0.06,0.02,0.5889375413086583,0.20632642294467474,0.7688888888888888,0.0,"balanced_accuracy,higher_mcc,closer_to_zero"
lightgbm,full_safe,15,15,chronological_712,42,2024-07-03,2024-07-02,225,0.06,0.03,0.5958773959021811,0.2078297704559297,0.7155555555555555,0.0,"balanced_accuracy,higher_mcc,closer_to_zero"
lightgbm,full_safe,15,15,chronological_712,42,2024-07-03,2024-07-02,225,0.06,0.04,0.6527594183740912,0.31040413956048224,0.6355555555555555,0.0,"balanced_accuracy,higher_mcc,closer_to_zero"
lightgbm,full_safe,15,15,chronological_712,42,2024-07-03,2024-07-02,225,0.06,0.05,0.6815515532055518,0.35588456224036463,0.5333333333333333,0.0,"balanced_accuracy,higher_mcc,closer_to_zero"
lightgbm,full_safe,15,15,chronological_712,42,2024-07-03,2024-07-02,225,0.06,0.06,0.6820472571050893,0.3655774704494765,0.38666666666666666,1.0,"balanced_accuracy,higher_mcc,closer_to_zero"
lightgbm,full_safe,15,15,chronological_712,42,2024-07-03,2024-07-02,225,0.06,0.07,0.6658955717118308,0.37522509896490003,0.24888888888888888,0.0,"balanced_accuracy,higher_mcc,closer_to_zero"
lightgbm,full_safe,15,15,chronological_712,42,2024-07-03,2024-07-02,225,0.06,0.08,0.6149206873760741,0.3031886096649175,0.16444444444444445,0.0,"balanced_accuracy,higher_mcc,closer_to_zero"
lightgbm,full_safe,15,15,chronological_712,42,2024-07-03,2024-07-02,225,0.06,0.1,0.5617977528089888,0.28026179987201205,0.04888888888888889,0.0,"balanced_accuracy,higher_mcc,closer_to_zero"
lightgbm,full_safe,15,15,chronological_712,2024,2024-07-03,2024-07-02,225,0.07,0.0,0.5415565102445473,0.12128483133416729,0.8711111111111111,0.0,"balanced_accuracy,higher_mcc,closer_to_zero"
lightgbm,full_safe,15,15,chronological_712,2024,2024-07-03,2024-07-02,225,0.07,0.01,0.543084930601454,0.11366848306272788,0.8355555555555556,0.0,"balanced_accuracy,higher_mcc,closer_to_zero"
lightgbm,full_safe,15,15,chronological_712,2024,2024-07-03,2024-07-02,225,0.07,0.02,0.5482898215465961,0.11709669091217821,0.7955555555555556,0.0,"balanced_accuracy,higher_mcc,closer_to_zero"
lightgbm,full_safe,15,15,chronological_712,2024,2024-07-03,2024-07-02,225,0.07,0.03,0.57555353602115,0.16621201191061774,0.7288888888888889,0.0,"balanced_accuracy,higher_mcc,closer_to_zero"
lightgbm,full_safe,15,15,chronological_712,2024,2024-07-03,2024-07-02,225,0.07,0.04,0.6270241242564442,0.2635144295736437,0.6666666666666666,0.0,"balanced_accuracy,higher_mcc,closer_to_zero"
lightgbm,full_safe,15,15,chronological_712,2024,2024-07-03,2024-07-02,225,0.07,0.05,0.6428453403833443,0.2820783012150469,0.5688888888888889,0.0,"balanced_accuracy,higher_mcc,closer_to_zero"
lightgbm,full_safe,15,15,chronological_712,2024,2024-07-03,2024-07-02,225,0.07,0.06,0.6489590218109715,0.2945308516703352,0.4266666666666667,0.0,"balanced_accuracy,higher_mcc,closer_to_zero"
lightgbm,full_safe,15,15,chronological_712,2024,2024-07-03,2024-07-02,225,0.07,0.07,0.6978684732319894,0.4269277516749601,0.28888888888888886,1.0,"balanced_accuracy,higher_mcc,closer_to_zero"
lightgbm,full_safe,15,15,chronological_712,2024,2024-07-03,2024-07-02,225,0.07,0.08,0.639540647719762,0.33311020356731535,0.21333333333333335,0.0,"balanced_accuracy,higher_mcc,closer_to_zero"
lightgbm,full_safe,15,15,chronological_712,2024,2024-07-03,2024-07-02,225,0.07,0.1,0.5712987442167878,0.27129588064577814,0.07111111111111111,0.0,"balanced_accuracy,higher_mcc,closer_to_zero"
lightgbm,full_safe,15,15,chronological_712,3407,2024-07-03,2024-07-02,225,0.06,0.0,0.5326751487111698,0.1149215871626444,0.9155555555555556,0.0,"balanced_accuracy,higher_mcc,closer_to_zero"
lightgbm,full_safe,15,15,chronological_712,3407,2024-07-03,2024-07-02,225,0.06,0.01,0.5489094514210179,0.13877317766606098,0.8622222222222222,0.0,"balanced_accuracy,higher_mcc,closer_to_zero"
lightgbm,full_safe,15,15,chronological_712,3407,2024-07-03,2024-07-02,225,0.06,0.02,0.5465548578982155,0.11579492792792384,0.8088888888888889,0.0,"balanced_accuracy,higher_mcc,closer_to_zero"
lightgbm,full_safe,15,15,chronological_712,3407,2024-07-03,2024-07-02,225,0.06,0.03,0.57555353602115,0.16621201191061774,0.7288888888888889,0.0,"balanced_accuracy,higher_mcc,closer_to_zero"
lightgbm,full_safe,15,15,chronological_712,3407,2024-07-03,2024-07-02,225,0.06,0.04,0.617729676140119,0.24423288594630388,0.6666666666666666,0.0,"balanced_accuracy,higher_mcc,closer_to_zero"
lightgbm,full_safe,15,15,chronological_712,3407,2024-07-03,2024-07-02,225,0.06,0.05,0.67072868473232,0.33713985509594824,0.5688888888888889,0.0,"balanced_accuracy,higher_mcc,closer_to_zero"
lightgbm,full_safe,15,15,chronological_712,3407,2024-07-03,2024-07-02,225,0.06,0.06,0.7045191672174488,0.40752604851558716,0.40444444444444444,1.0,"balanced_accuracy,higher_mcc,closer_to_zero"
lightgbm,full_safe,15,15,chronological_712,3407,2024-07-03,2024-07-02,225,0.06,0.07,0.684691011235955,0.4063061264365073,0.27111111111111114,0.0,"balanced_accuracy,higher_mcc,closer_to_zero"
lightgbm,full_safe,15,15,chronological_712,3407,2024-07-03,2024-07-02,225,0.06,0.08,0.6224801718440185,0.31328844731485067,0.17777777777777778,0.0,"balanced_accuracy,higher_mcc,closer_to_zero"
lightgbm,full_safe,15,15,chronological_712,3407,2024-07-03,2024-07-02,225,0.06,0.1,0.5674157303370786,0.2934102437452947,0.05333333333333334,0.0,"balanced_accuracy,higher_mcc,closer_to_zero"
lightgbm,full_safe,15,20,chronological_712,42,2024-07-04,2024-07-03,224,0.07,0.0,0.5219725343320849,0.08349882731551024,0.9285714285714286,0.0,"balanced_accuracy,higher_mcc,closer_to_zero"
lightgbm,full_safe,15,20,chronological_712,42,2024-07-04,2024-07-03,224,0.07,0.01,0.5421556387848523,0.12289416217953211,0.8705357142857143,0.0,"balanced_accuracy,higher_mcc,closer_to_zero"
lightgbm,full_safe,15,20,chronological_712,42,2024-07-04,2024-07-03,224,0.07,0.02,0.5493133583021224,0.12480701305322453,0.8169642857142857,0.0,"balanced_accuracy,higher_mcc,closer_to_zero"
lightgbm,full_safe,15,20,chronological_712,42,2024-07-04,2024-07-03,224,0.07,0.03,0.5880149812734082,0.1955602150698949,0.7366071428571429,0.0,"balanced_accuracy,higher_mcc,closer_to_zero"
lightgbm,full_safe,15,20,chronological_712,42,2024-07-04,2024-07-03,224,0.07,0.04,0.5914689970869746,0.19313297042876032,0.6875,0.0,"balanced_accuracy,higher_mcc,closer_to_zero"
lightgbm,full_safe,15,20,chronological_712,42,2024-07-04,2024-07-03,224,0.07,0.05,0.6096129837702872,0.21881658162303447,0.5982142857142857,0.0,"balanced_accuracy,higher_mcc,closer_to_zero"
lightgbm,full_safe,15,20,chronological_712,42,2024-07-04,2024-07-03,224,0.07,0.06,0.6831876820640865,0.36328925061821987,0.41964285714285715,0.0,"balanced_accuracy,higher_mcc,closer_to_zero"
lightgbm,full_safe,15,20,chronological_712,42,2024-07-04,2024-07-03,224,0.07,0.07,0.7066999583853517,0.4457353026180539,0.29017857142857145,1.0,"balanced_accuracy,higher_mcc,closer_to_zero"
lightgbm,full_safe,15,20,chronological_712,42,2024-07-04,2024-07-03,224,0.07,0.08,0.6258843112775697,0.3248967175787678,0.17410714285714285,0.0,"balanced_accuracy,higher_mcc,closer_to_zero"
lightgbm,full_safe,15,20,chronological_712,42,2024-07-04,2024-07-03,224,0.07,0.1,0.550561797752809,0.25198454542180665,0.04017857142857143,0.0,"balanced_accuracy,higher_mcc,closer_to_zero"
lightgbm,full_safe,15,20,chronological_712,2024,2024-07-04,2024-07-03,224,0.07,0.0,0.5201831044527674,0.08448253700692607,0.9419642857142857,0.0,"balanced_accuracy,higher_mcc,closer_to_zero"
lightgbm,full_safe,15,20,chronological_712,2024,2024-07-04,2024-07-03,224,0.07,0.01,0.5347482313774449,0.10445027620522682,0.8794642857142857,0.0,"balanced_accuracy,higher_mcc,closer_to_zero"
lightgbm,full_safe,15,20,chronological_712,2024,2024-07-04,2024-07-03,224,0.07,0.02,0.5512276321265085,0.13221416837668204,0.8258928571428571,0.0,"balanced_accuracy,higher_mcc,closer_to_zero"
lightgbm,full_safe,15,20,chronological_712,2024,2024-07-04,2024-07-03,224,0.07,0.03,0.5732001664585934,0.16644825819901488,0.7544642857142857,0.0,"balanced_accuracy,higher_mcc,closer_to_zero"
lightgbm,full_safe,15,20,chronological_712,2024,2024-07-04,2024-07-03,224,0.07,0.04,0.5951727007906783,0.2001840112293894,0.6830357142857143,0.0,"balanced_accuracy,higher_mcc,closer_to_zero"
lightgbm,full_safe,15,20,chronological_712,2024,2024-07-04,2024-07-03,224,0.07,0.05,0.6078235538909696,0.2165138165561537,0.6116071428571429,0.0,"balanced_accuracy,higher_mcc,closer_to_zero"
lightgbm,full_safe,15,20,chronological_712,2024,2024-07-04,2024-07-03,224,0.07,0.06,0.6497295047856846,0.295393517960932,0.4375,0.0,"balanced_accuracy,higher_mcc,closer_to_zero"
lightgbm,full_safe,15,20,chronological_712,2024,2024-07-04,2024-07-03,224,0.07,0.07,0.7010819808572617,0.43562727122396827,0.2857142857142857,1.0,"balanced_accuracy,higher_mcc,closer_to_zero"
lightgbm,full_safe,15,20,chronological_712,2024,2024-07-04,2024-07-03,224,0.07,0.08,0.6220557636287973,0.32899193460938136,0.15625,0.0,"balanced_accuracy,higher_mcc,closer_to_zero"
lightgbm,full_safe,15,20,chronological_712,2024,2024-07-04,2024-07-03,224,0.07,0.1,0.550561797752809,0.25198454542180665,0.04017857142857143,0.0,"balanced_accuracy,higher_mcc,closer_to_zero"
lightgbm,full_safe,15,20,chronological_712,3407,2024-07-04,2024-07-03,224,0.06,0.0,0.5218476903870162,0.07335669382422938,0.90625,0.0,"balanced_accuracy,higher_mcc,closer_to_zero"
lightgbm,full_safe,15,20,chronological_712,3407,2024-07-04,2024-07-03,224,0.06,0.01,0.5532667498959634,0.14897811625644242,0.8571428571428571,0.0,"balanced_accuracy,higher_mcc,closer_to_zero"
lightgbm,full_safe,15,20,chronological_712,3407,2024-07-04,2024-07-03,224,0.06,0.02,0.5771535580524344,0.18692135700671142,0.7946428571428571,0.0,"balanced_accuracy,higher_mcc,closer_to_zero"
lightgbm,full_safe,15,20,chronological_712,3407,2024-07-04,2024-07-03,224,0.06,0.03,0.5878901373283396,0.19040662185948282,0.7142857142857143,0.0,"balanced_accuracy,higher_mcc,closer_to_zero"
lightgbm,full_safe,15,20,chronological_712,3407,2024-07-04,2024-07-03,224,0.06,0.04,0.6025801081980857,0.2141929303125101,0.6741071428571429,0.0,"balanced_accuracy,higher_mcc,closer_to_zero"
lightgbm,full_safe,15,20,chronological_712,3407,2024-07-04,2024-07-03,224,0.06,0.05,0.6318352059925094,0.26072500472698745,0.5714285714285714,0.0,"balanced_accuracy,higher_mcc,closer_to_zero"
lightgbm,full_safe,15,20,chronological_712,3407,2024-07-04,2024-07-03,224,0.06,0.06,0.6904702455264253,0.38247153160073927,0.38839285714285715,1.0,"balanced_accuracy,higher_mcc,closer_to_zero"
lightgbm,full_safe,15,20,chronological_712,3407,2024-07-04,2024-07-03,224,0.06,0.07,0.6598418643362464,0.36346092083139064,0.24553571428571427,0.0,"balanced_accuracy,higher_mcc,closer_to_zero"
lightgbm,full_safe,15,20,chronological_712,3407,2024-07-04,2024-07-03,224,0.06,0.08,0.605076987099459,0.3158526316385601,0.12053571428571429,0.0,"balanced_accuracy,higher_mcc,closer_to_zero"
lightgbm,full_safe,15,20,chronological_712,3407,2024-07-04,2024-07-03,224,0.06,0.1,0.5337078651685393,0.2043239422433871,0.026785714285714284,0.0,"balanced_accuracy,higher_mcc,closer_to_zero"
lightgbm,full_safe,20,5,chronological_712,42,2024-07-02,2024-07-01,220,0.06,0.0,0.5379084967320261,0.13468864016409637,0.9181818181818182,0.0,"balanced_accuracy,higher_mcc,closer_to_zero"
lightgbm,full_safe,20,5,chronological_712,42,2024-07-02,2024-07-01,220,0.06,0.01,0.5572984749455338,0.16037536460037694,0.8590909090909091,0.0,"balanced_accuracy,higher_mcc,closer_to_zero"
lightgbm,full_safe,20,5,chronological_712,42,2024-07-02,2024-07-01,220,0.06,0.02,0.5943355119825708,0.23591910378286163,0.8136363636363636,0.0,"balanced_accuracy,higher_mcc,closer_to_zero"
lightgbm,full_safe,20,5,chronological_712,42,2024-07-02,2024-07-01,220,0.06,0.03,0.6477124183006535,0.32647644070352694,0.7363636363636363,0.0,"balanced_accuracy,higher_mcc,closer_to_zero"
lightgbm,full_safe,20,5,chronological_712,42,2024-07-02,2024-07-01,220,0.06,0.04,0.6915032679738562,0.39343038648608825,0.6590909090909091,0.0,"balanced_accuracy,higher_mcc,closer_to_zero"
lightgbm,full_safe,20,5,chronological_712,42,2024-07-02,2024-07-01,220,0.06,0.05,0.7281045751633988,0.44517297891958224,0.5318181818181819,0.0,"balanced_accuracy,higher_mcc,closer_to_zero"
lightgbm,full_safe,20,5,chronological_712,42,2024-07-02,2024-07-01,220,0.06,0.06,0.7461873638344226,0.48464406797307863,0.42727272727272725,1.0,"balanced_accuracy,higher_mcc,closer_to_zero"
lightgbm,full_safe,20,5,chronological_712,42,2024-07-02,2024-07-01,220,0.06,0.07,0.7398692810457517,0.49279505747574875,0.3409090909090909,0.0,"balanced_accuracy,higher_mcc,closer_to_zero"
lightgbm,full_safe,20,5,chronological_712,42,2024-07-02,2024-07-01,220,0.06,0.08,0.740958605664488,0.5452527445184189,0.24545454545454545,0.0,"balanced_accuracy,higher_mcc,closer_to_zero"
lightgbm,full_safe,20,5,chronological_712,42,2024-07-02,2024-07-01,220,0.06,0.1,0.5764705882352941,0.3158231237960525,0.05909090909090909,0.0,"balanced_accuracy,higher_mcc,closer_to_zero"
lightgbm,full_safe,20,5,chronological_712,2024,2024-07-02,2024-07-01,220,0.07,0.0,0.5335511982570806,0.10891067320217854,0.9,0.0,"balanced_accuracy,higher_mcc,closer_to_zero"
lightgbm,full_safe,20,5,chronological_712,2024,2024-07-02,2024-07-01,220,0.07,0.01,0.579520697167756,0.2070427916383121,0.8318181818181818,0.0,"balanced_accuracy,higher_mcc,closer_to_zero"
lightgbm,full_safe,20,5,chronological_712,2024,2024-07-02,2024-07-01,220,0.07,0.02,0.5943355119825708,0.23591910378286163,0.8136363636363636,0.0,"balanced_accuracy,higher_mcc,closer_to_zero"
lightgbm,full_safe,20,5,chronological_712,2024,2024-07-02,2024-07-01,220,0.07,0.03,0.6677559912854031,0.35649385995541555,0.7,0.0,"balanced_accuracy,higher_mcc,closer_to_zero"
lightgbm,full_safe,20,5,chronological_712,2024,2024-07-02,2024-07-01,220,0.07,0.04,0.6967320261437908,0.39935424534582914,0.6409090909090909,0.0,"balanced_accuracy,higher_mcc,closer_to_zero"
lightgbm,full_safe,20,5,chronological_712,2024,2024-07-02,2024-07-01,220,0.07,0.05,0.7481481481481482,0.4833287653144551,0.4954545454545455,0.0,"balanced_accuracy,higher_mcc,closer_to_zero"
lightgbm,full_safe,20,5,chronological_712,2024,2024-07-02,2024-07-01,220,0.07,0.06,0.755119825708061,0.5061973895191132,0.40454545454545454,0.0,"balanced_accuracy,higher_mcc,closer_to_zero"
lightgbm,full_safe,20,5,chronological_712,2024,2024-07-02,2024-07-01,220,0.07,0.07,0.7620915032679738,0.5501058527315399,0.31363636363636366,1.0,"balanced_accuracy,higher_mcc,closer_to_zero"
lightgbm,full_safe,20,5,chronological_712,2024,2024-07-02,2024-07-01,220,0.07,0.08,0.709368191721133,0.4974449935803813,0.21363636363636362,0.0,"balanced_accuracy,higher_mcc,closer_to_zero"
lightgbm,full_safe,20,5,chronological_712,2024,2024-07-02,2024-07-01,220,0.07,0.1,0.5764705882352941,0.3158231237960525,0.05909090909090909,0.0,"balanced_accuracy,higher_mcc,closer_to_zero"
lightgbm,full_safe,20,5,chronological_712,3407,2024-07-02,2024-07-01,220,0.07,0.0,0.5461873638344227,0.13495838984026443,0.8727272727272727,0.0,"balanced_accuracy,higher_mcc,closer_to_zero"
lightgbm,full_safe,20,5,chronological_712,3407,2024-07-02,2024-07-01,220,0.07,0.01,0.5832244008714598,0.21440234339627393,0.8272727272727273,0.0,"balanced_accuracy,higher_mcc,closer_to_zero"
lightgbm,full_safe,20,5,chronological_712,3407,2024-07-02,2024-07-01,220,0.07,0.02,0.6239651416122005,0.2901414842616199,0.7772727272727272,0.0,"balanced_accuracy,higher_mcc,closer_to_zero"
lightgbm,full_safe,20,5,chronological_712,3407,2024-07-02,2024-07-01,220,0.07,0.03,0.6492374727668846,0.32465399323995386,0.7227272727272728,0.0,"balanced_accuracy,higher_mcc,closer_to_zero"
lightgbm,full_safe,20,5,chronological_712,3407,2024-07-02,2024-07-01,220,0.07,0.04,0.7026143790849673,0.4124631291717653,0.6454545454545455,0.0,"balanced_accuracy,higher_mcc,closer_to_zero"
lightgbm,full_safe,20,5,chronological_712,3407,2024-07-02,2024-07-01,220,0.07,0.05,0.7296296296296296,0.44753696237944485,0.5181818181818182,0.0,"balanced_accuracy,higher_mcc,closer_to_zero"
lightgbm,full_safe,20,5,chronological_712,3407,2024-07-02,2024-07-01,220,0.07,0.06,0.755119825708061,0.5061973895191132,0.40454545454545454,0.0,"balanced_accuracy,higher_mcc,closer_to_zero"
lightgbm,full_safe,20,5,chronological_712,3407,2024-07-02,2024-07-01,220,0.07,0.07,0.7642701525054467,0.5504680913243042,0.32272727272727275,1.0,"balanced_accuracy,higher_mcc,closer_to_zero"
lightgbm,full_safe,20,5,chronological_712,3407,2024-07-02,2024-07-01,220,0.07,0.08,0.7211328976034859,0.517563456108162,0.22272727272727272,0.0,"balanced_accuracy,higher_mcc,closer_to_zero"
lightgbm,full_safe,20,5,chronological_712,3407,2024-07-02,2024-07-01,220,0.07,0.1,0.5764705882352941,0.3158231237960525,0.05909090909090909,0.0,"balanced_accuracy,higher_mcc,closer_to_zero"
lightgbm,full_safe,20,10,chronological_712,42,2024-07-03,2024-07-02,220,0.07,0.0,0.5380944116626172,0.12150547848571583,0.8954545454545455,0.0,"balanced_accuracy,higher_mcc,closer_to_zero"
lightgbm,full_safe,20,10,chronological_712,42,2024-07-03,2024-07-02,220,0.07,0.01,0.5658625477264838,0.1800082349696251,0.85,0.0,"balanced_accuracy,higher_mcc,closer_to_zero"
lightgbm,full_safe,20,10,chronological_712,42,2024-07-03,2024-07-02,220,0.07,0.02,0.5919819507115585,0.2327383697467227,0.8181818181818182,0.0,"balanced_accuracy,higher_mcc,closer_to_zero"
lightgbm,full_safe,20,10,chronological_712,42,2024-07-03,2024-07-02,220,0.07,0.03,0.6330267268309615,0.3076394918711653,0.7681818181818182,0.0,"balanced_accuracy,higher_mcc,closer_to_zero"
lightgbm,full_safe,20,10,chronological_712,42,2024-07-03,2024-07-02,220,0.07,0.04,0.6955918083998611,0.39901645789413465,0.6454545454545455,0.0,"balanced_accuracy,higher_mcc,closer_to_zero"
lightgbm,full_safe,20,10,chronological_712,42,2024-07-03,2024-07-02,220,0.07,0.05,0.7427976397084346,0.47421001605419216,0.5181818181818182,0.0,"balanced_accuracy,higher_mcc,closer_to_zero"
lightgbm,full_safe,20,10,chronological_712,42,2024-07-03,2024-07-02,220,0.07,0.06,0.730215203054495,0.4683197991897855,0.35909090909090907,0.0,"balanced_accuracy,higher_mcc,closer_to_zero"
lightgbm,full_safe,20,10,chronological_712,42,2024-07-03,2024-07-02,220,0.07,0.07,0.7447066990628254,0.512723035364325,0.3181818181818182,1.0,"balanced_accuracy,higher_mcc,closer_to_zero"
lightgbm,full_safe,20,10,chronological_712,42,2024-07-03,2024-07-02,220,0.07,0.08,0.6794515793127387,0.43782064166263324,0.2,0.0,"balanced_accuracy,higher_mcc,closer_to_zero"
lightgbm,full_safe,20,10,chronological_712,42,2024-07-03,2024-07-02,220,0.07,0.1,0.5485942381117668,0.22767049432432948,0.045454545454545456,0.0,"balanced_accuracy,higher_mcc,closer_to_zero"
lightgbm,full_safe,20,10,chronological_712,2024,2024-07-03,2024-07-02,220,0.06,0.0,0.5322804581742451,0.10105031093882205,0.8909090909090909,0.0,"balanced_accuracy,higher_mcc,closer_to_zero"
lightgbm,full_safe,20,10,chronological_712,2024,2024-07-03,2024-07-02,220,0.06,0.01,0.573325234293648,0.1956433963089726,0.8409090909090909,0.0,"balanced_accuracy,higher_mcc,closer_to_zero"
lightgbm,full_safe,20,10,chronological_712,2024,2024-07-03,2024-07-02,220,0.06,0.02,0.5957132939951406,0.23987524949243327,0.8136363636363636,0.0,"balanced_accuracy,higher_mcc,closer_to_zero"
lightgbm,full_safe,20,10,chronological_712,2024,2024-07-03,2024-07-02,220,0.06,0.03,0.6404894133981256,0.3206114654886249,0.759090909090909,0.0,"balanced_accuracy,higher_mcc,closer_to_zero"
lightgbm,full_safe,20,10,chronological_712,2024,2024-07-03,2024-07-02,220,0.06,0.04,0.6752863589031586,0.36726969199855897,0.6818181818181818,0.0,"balanced_accuracy,higher_mcc,closer_to_zero"
lightgbm,full_safe,20,10,chronological_712,2024,2024-07-03,2024-07-02,220,0.06,0.05,0.7320374869836863,0.45561374831413154,0.5545454545454546,0.0,"balanced_accuracy,higher_mcc,closer_to_zero"
lightgbm,full_safe,20,10,chronological_712,2024,2024-07-03,2024-07-02,220,0.06,0.06,0.7622353349531412,0.5160316886643467,0.43636363636363634,1.0,"balanced_accuracy,higher_mcc,closer_to_zero"
lightgbm,full_safe,20,10,chronological_712,2024,2024-07-03,2024-07-02,220,0.06,0.07,0.7393266227004512,0.494345226576344,0.33636363636363636,0.0,"balanced_accuracy,higher_mcc,closer_to_zero"
lightgbm,full_safe,20,10,chronological_712,2024,2024-07-03,2024-07-02,220,0.06,0.08,0.6935959736202707,0.44180616399328115,0.2409090909090909,0.0,"balanced_accuracy,higher_mcc,closer_to_zero"
lightgbm,full_safe,20,10,chronological_712,2024,2024-07-03,2024-07-02,220,0.06,0.1,0.560222145088511,0.25880076205720254,0.05454545454545454,0.0,"balanced_accuracy,higher_mcc,closer_to_zero"
lightgbm,full_safe,20,10,chronological_712,3407,2024-07-03,2024-07-02,220,0.05,0.0,0.5198715723707046,0.08224452644341557,0.9409090909090909,0.0,"balanced_accuracy,higher_mcc,closer_to_zero"
lightgbm,full_safe,20,10,chronological_712,3407,2024-07-03,2024-07-02,220,0.05,0.01,0.5285491148906629,0.09105991440045673,0.8954545454545455,0.0,"balanced_accuracy,higher_mcc,closer_to_zero"
lightgbm,full_safe,20,10,chronological_712,3407,2024-07-03,2024-07-02,220,0.05,0.02,0.569593891010066,0.18789135937709417,0.8454545454545455,0.0,"balanced_accuracy,higher_mcc,closer_to_zero"
lightgbm,full_safe,20,10,chronological_712,3407,2024-07-03,2024-07-02,220,0.05,0.03,0.614370010413051,0.2744670668346427,0.7909090909090909,0.0,"balanced_accuracy,higher_mcc,closer_to_zero"
lightgbm,full_safe,20,10,chronological_712,3407,2024-07-03,2024-07-02,220,0.05,0.04,0.6869142658799028,0.39472789580679674,0.6909090909090909,0.0,"balanced_accuracy,higher_mcc,closer_to_zero"
lightgbm,full_safe,20,10,chronological_712,3407,2024-07-03,2024-07-02,220,0.05,0.05,0.7448802499132245,0.4786738648089814,0.5272727272727272,1.0,"balanced_accuracy,higher_mcc,closer_to_zero"
lightgbm,full_safe,20,10,chronological_712,3407,2024-07-03,2024-07-02,220,0.05,0.06,0.7315168344324887,0.4567357398511447,0.42727272727272725,0.0,"balanced_accuracy,higher_mcc,closer_to_zero"
lightgbm,full_safe,20,10,chronological_712,3407,2024-07-03,2024-07-02,220,0.05,0.07,0.7260499826449149,0.46539473485752364,0.3409090909090909,0.0,"balanced_accuracy,higher_mcc,closer_to_zero"
lightgbm,full_safe,20,10,chronological_712,3407,2024-07-03,2024-07-02,220,0.05,0.08,0.7205831308573412,0.49418320260295523,0.2545454545454545,0.0,"balanced_accuracy,higher_mcc,closer_to_zero"
lightgbm,full_safe,20,10,chronological_712,3407,2024-07-03,2024-07-02,220,0.05,0.1,0.5718500520652551,0.28725068937033493,0.06363636363636363,0.0,"balanced_accuracy,higher_mcc,closer_to_zero"
lightgbm,full_safe,20,15,chronological_712,42,2024-07-04,2024-07-03,219,0.07,0.0,0.5451933124346917,0.1471317186840455,0.8995433789954338,0.0,"balanced_accuracy,higher_mcc,closer_to_zero"
lightgbm,full_safe,20,15,chronological_712,42,2024-07-04,2024-07-03,219,0.07,0.01,0.5715778474399164,0.19343270208442742,0.8447488584474886,0.0,"balanced_accuracy,higher_mcc,closer_to_zero"
lightgbm,full_safe,20,15,chronological_712,42,2024-07-04,2024-07-03,219,0.07,0.02,0.6018808777429467,0.25325497594439483,0.8082191780821918,0.0,"balanced_accuracy,higher_mcc,closer_to_zero"
lightgbm,full_safe,20,15,chronological_712,42,2024-07-04,2024-07-03,219,0.07,0.03,0.6643155694879833,0.35872516410077826,0.7214611872146118,0.0,"balanced_accuracy,higher_mcc,closer_to_zero"
lightgbm,full_safe,20,15,chronological_712,42,2024-07-04,2024-07-03,219,0.07,0.04,0.6792058516196448,0.3695871784258099,0.6575342465753424,0.0,"balanced_accuracy,higher_mcc,closer_to_zero"
lightgbm,full_safe,20,15,chronological_712,42,2024-07-04,2024-07-03,219,0.07,0.05,0.6883490073145245,0.3746483405733144,0.589041095890411,0.0,"balanced_accuracy,higher_mcc,closer_to_zero"
lightgbm,full_safe,20,15,chronological_712,42,2024-07-04,2024-07-03,219,0.07,0.06,0.7221786833855799,0.4348799497505201,0.502283105022831,0.0,"balanced_accuracy,higher_mcc,closer_to_zero"
lightgbm,full_safe,20,15,chronological_712,42,2024-07-04,2024-07-03,219,0.07,0.07,0.7366771159874608,0.47978957085057905,0.3698630136986301,1.0,"balanced_accuracy,higher_mcc,closer_to_zero"
lightgbm,full_safe,20,15,chronological_712,42,2024-07-04,2024-07-03,219,0.07,0.08,0.7018025078369906,0.44282176561880404,0.273972602739726,0.0,"balanced_accuracy,higher_mcc,closer_to_zero"
lightgbm,full_safe,20,15,chronological_712,42,2024-07-04,2024-07-03,219,0.07,0.1,0.5807210031347962,0.2528949815921471,0.1095890410958904,0.0,"balanced_accuracy,higher_mcc,closer_to_zero"
lightgbm,full_safe,20,15,chronological_712,2024,2024-07-04,2024-07-03,219,0.07,0.0,0.5282131661442007,0.1093119648578014,0.9315068493150684,0.0,"balanced_accuracy,higher_mcc,closer_to_zero"
lightgbm,full_safe,20,15,chronological_712,2024,2024-07-04,2024-07-03,219,0.07,0.01,0.56021421107628,0.169050249723376,0.8584474885844748,0.0,"balanced_accuracy,higher_mcc,closer_to_zero"
lightgbm,full_safe,20,15,chronological_712,2024,2024-07-04,2024-07-03,219,0.07,0.02,0.5829414838035527,0.21662662426601084,0.8310502283105022,0.0,"balanced_accuracy,higher_mcc,closer_to_zero"
lightgbm,full_safe,20,15,chronological_712,2024,2024-07-04,2024-07-03,219,0.07,0.03,0.6511233019853709,0.34103955502431116,0.7488584474885844,0.0,"balanced_accuracy,higher_mcc,closer_to_zero"
lightgbm,full_safe,20,15,chronological_712,2024,2024-07-04,2024-07-03,219,0.07,0.04,0.6811650992685476,0.3761086016708255,0.6666666666666666,0.0,"balanced_accuracy,higher_mcc,closer_to_zero"
lightgbm,full_safe,20,15,chronological_712,2024,2024-07-04,2024-07-03,219,0.07,0.05,0.6956635318704284,0.38387820855771565,0.5342465753424658,0.0,"balanced_accuracy,higher_mcc,closer_to_zero"
lightgbm,full_safe,20,15,chronological_712,2024,2024-07-04,2024-07-03,219,0.07,0.06,0.7233542319749215,0.45165161076040167,0.3744292237442922,0.0,"balanced_accuracy,higher_mcc,closer_to_zero"
lightgbm,full_safe,20,15,chronological_712,2024,2024-07-04,2024-07-03,219,0.07,0.07,0.7268808777429467,0.474366978252927,0.3242009132420091,1.0,"balanced_accuracy,higher_mcc,closer_to_zero"
lightgbm,full_safe,20,15,chronological_712,2024,2024-07-04,2024-07-03,219,0.07,0.08,0.6786833855799372,0.41373382784523355,0.2328767123287671,0.0,"balanced_accuracy,higher_mcc,closer_to_zero"
lightgbm,full_safe,20,15,chronological_712,2024,2024-07-04,2024-07-03,219,0.07,0.1,0.5403605015673981,0.1735630792369663,0.0547945205479452,0.0,"balanced_accuracy,higher_mcc,closer_to_zero"
lightgbm,full_safe,20,15,chronological_712,3407,2024-07-04,2024-07-03,219,0.07,0.0,0.5320010449320794,0.12034629841642801,0.9269406392694064,0.0,"balanced_accuracy,higher_mcc,closer_to_zero"
lightgbm,full_safe,20,15,chronological_712,3407,2024-07-04,2024-07-03,219,0.07,0.01,0.56021421107628,0.169050249723376,0.8584474885844748,0.0,"balanced_accuracy,higher_mcc,closer_to_zero"
lightgbm,full_safe,20,15,chronological_712,3407,2024-07-04,2024-07-03,219,0.07,0.02,0.6056687565308254,0.26033503788464585,0.8036529680365296,0.0,"balanced_accuracy,higher_mcc,closer_to_zero"
lightgbm,full_safe,20,15,chronological_712,3407,2024-07-04,2024-07-03,219,0.07,0.03,0.6623563218390804,0.35100493097181773,0.7123287671232876,0.0,"balanced_accuracy,higher_mcc,closer_to_zero"
lightgbm,full_safe,20,15,chronological_712,3407,2024-07-04,2024-07-03,219,0.07,0.04,0.6792058516196448,0.3695871784258099,0.6575342465753424,0.0,"balanced_accuracy,higher_mcc,closer_to_zero"
lightgbm,full_safe,20,15,chronological_712,3407,2024-07-04,2024-07-03,219,0.07,0.05,0.6844305120167189,0.3646619300358916,0.5707762557077626,0.0,"balanced_accuracy,higher_mcc,closer_to_zero"
lightgbm,full_safe,20,15,chronological_712,3407,2024-07-04,2024-07-03,219,0.07,0.06,0.7217868338557993,0.4379653007903022,0.4337899543378995,0.0,"balanced_accuracy,higher_mcc,closer_to_zero"
lightgbm,full_safe,20,15,chronological_712,3407,2024-07-04,2024-07-03,219,0.07,0.07,0.7421630094043887,0.5044980326881813,0.3287671232876712,1.0,"balanced_accuracy,higher_mcc,closer_to_zero"
lightgbm,full_safe,20,15,chronological_712,3407,2024-07-04,2024-07-03,219,0.07,0.08,0.697884012539185,0.4439146522099362,0.2557077625570776,0.0,"balanced_accuracy,higher_mcc,closer_to_zero"
lightgbm,full_safe,20,15,chronological_712,3407,2024-07-04,2024-07-03,219,0.07,0.1,0.5518547544409613,0.2074551503340635,0.0639269406392694,0.0,"balanced_accuracy,higher_mcc,closer_to_zero"
lightgbm,full_safe,20,20,chronological_712,42,2024-07-05,2024-07-04,219,0.04,0.0,0.5192574600971548,0.07475586532669493,0.9315068493150684,0.0,"balanced_accuracy,higher_mcc,closer_to_zero"
lightgbm,full_safe,20,20,chronological_712,42,2024-07-05,2024-07-04,219,0.04,0.01,0.5498785565579458,0.14646206638296805,0.8721461187214612,0.0,"balanced_accuracy,higher_mcc,closer_to_zero"
lightgbm,full_safe,20,20,chronological_712,42,2024-07-05,2024-07-04,219,0.04,0.02,0.5882199861207494,0.20910060568225822,0.7808219178082192,0.0,"balanced_accuracy,higher_mcc,closer_to_zero"
lightgbm,full_safe,20,20,chronological_712,42,2024-07-05,2024-07-04,219,0.04,0.03,0.6193615544760582,0.2374902390699922,0.5844748858447488,0.0,"balanced_accuracy,higher_mcc,closer_to_zero"
lightgbm,full_safe,20,20,chronological_712,42,2024-07-05,2024-07-04,219,0.04,0.04,0.6389659958362248,0.27566953690164964,0.4246575342465753,1.0,"balanced_accuracy,higher_mcc,closer_to_zero"
lightgbm,full_safe,20,20,chronological_712,42,2024-07-05,2024-07-04,219,0.04,0.05,0.6033570437196392,0.22183497533188837,0.2968036529680365,0.0,"balanced_accuracy,higher_mcc,closer_to_zero"
lightgbm,full_safe,20,20,chronological_712,42,2024-07-05,2024-07-04,219,0.04,0.06,0.5770732130464955,0.18407605213531586,0.2146118721461187,0.0,"balanced_accuracy,higher_mcc,closer_to_zero"
lightgbm,full_safe,20,20,chronological_712,42,2024-07-05,2024-07-04,219,0.04,0.07,0.5620662734212353,0.16420480243285224,0.1643835616438356,0.0,"balanced_accuracy,higher_mcc,closer_to_zero"
lightgbm,full_safe,20,20,chronological_712,42,2024-07-05,2024-07-04,219,0.04,0.08,0.556557945870923,0.1743932768680511,0.1141552511415525,0.0,"balanced_accuracy,higher_mcc,closer_to_zero"
lightgbm,full_safe,20,20,chronological_712,42,2024-07-05,2024-07-04,219,0.04,0.1,0.5018650242886884,0.01922412611661381,0.0091324200913242,0.0,"balanced_accuracy,higher_mcc,closer_to_zero"
lightgbm,full_safe,20,20,chronological_712,2024,2024-07-05,2024-07-04,219,0.04,0.0,0.5117106176266482,0.04180733640297676,0.9178082191780822,0.0,"balanced_accuracy,higher_mcc,closer_to_zero"
lightgbm,full_safe,20,20,chronological_712,2024,2024-07-05,2024-07-04,219,0.04,0.01,0.5423317140874393,0.11907293599697275,0.8584474885844748,0.0,"balanced_accuracy,higher_mcc,closer_to_zero"
lightgbm,full_safe,20,20,chronological_712,2024,2024-07-05,2024-07-04,219,0.04,0.02,0.5331800832755031,0.07697411818673572,0.7671232876712328,0.0,"balanced_accuracy,higher_mcc,closer_to_zero"
lightgbm,full_safe,20,20,chronological_712,2024,2024-07-05,2024-07-04,219,0.04,0.03,0.6060461485079806,0.21134197893205428,0.589041095890411,0.0,"balanced_accuracy,higher_mcc,closer_to_zero"
lightgbm,full_safe,20,20,chronological_712,2024,2024-07-05,2024-07-04,219,0.04,0.04,0.673056904927134,0.34094764220299556,0.4520547945205479,1.0,"balanced_accuracy,higher_mcc,closer_to_zero"
lightgbm,full_safe,20,20,chronological_712,2024,2024-07-05,2024-07-04,219,0.04,0.05,0.5995402498265093,0.21271005642178462,0.3013698630136986,0.0,"balanced_accuracy,higher_mcc,closer_to_zero"
lightgbm,full_safe,20,20,chronological_712,2024,2024-07-05,2024-07-04,219,0.04,0.06,0.5808900069396252,0.194715213352043,0.2100456621004566,0.0,"balanced_accuracy,higher_mcc,closer_to_zero"
lightgbm,full_safe,20,20,chronological_712,2024,2024-07-05,2024-07-04,219,0.04,0.07,0.5772467036780013,0.202139124114136,0.1689497716894977,0.0,"balanced_accuracy,higher_mcc,closer_to_zero"
lightgbm,full_safe,20,20,chronological_712,2024,2024-07-05,2024-07-04,219,0.04,0.08,0.5527411519777932,0.15987894085642695,0.1187214611872146,0.0,"balanced_accuracy,higher_mcc,closer_to_zero"
lightgbm,full_safe,20,20,chronological_712,2024,2024-07-05,2024-07-04,219,0.04,0.1,0.5018650242886884,0.01922412611661381,0.0091324200913242,0.0,"balanced_accuracy,higher_mcc,closer_to_zero"
lightgbm,full_safe,20,20,chronological_712,3407,2024-07-05,2024-07-04,219,0.03,0.0,0.5268910478834143,0.09854045430366191,0.9223744292237442,0.0,"balanced_accuracy,higher_mcc,closer_to_zero"
lightgbm,full_safe,20,20,chronological_712,3407,2024-07-05,2024-07-04,219,0.03,0.01,0.5575121443442054,0.16401176819352623,0.863013698630137,0.0,"balanced_accuracy,higher_mcc,closer_to_zero"
lightgbm,full_safe,20,20,chronological_712,3407,2024-07-05,2024-07-04,219,0.03,0.02,0.5693962526023595,0.15421125230367919,0.7351598173515982,0.0,"balanced_accuracy,higher_mcc,closer_to_zero"
lightgbm,full_safe,20,20,chronological_712,3407,2024-07-05,2024-07-04,219,0.03,0.03,0.6270818875780708,0.25060221971385205,0.5525114155251142,1.0,"balanced_accuracy,higher_mcc,closer_to_zero"
lightgbm,full_safe,20,20,chronological_712,3407,2024-07-05,2024-07-04,219,0.03,0.04,0.619882026370576,0.2364042782556611,0.4474885844748858,0.0,"balanced_accuracy,higher_mcc,closer_to_zero"
lightgbm,full_safe,20,20,chronological_712,3407,2024-07-05,2024-07-04,219,0.03,0.05,0.5710444136016655,0.15181658928927372,0.3013698630136986,0.0,"balanced_accuracy,higher_mcc,closer_to_zero"
lightgbm,full_safe,20,20,chronological_712,3407,2024-07-05,2024-07-04,219,0.03,0.06,0.5865718251214435,0.20676184584248197,0.2146118721461187,0.0,"balanced_accuracy,higher_mcc,closer_to_zero"
lightgbm,full_safe,20,20,chronological_712,3407,2024-07-05,2024-07-04,219,0.03,0.07,0.5715648854961832,0.18933467785758643,0.1643835616438356,0.0,"balanced_accuracy,higher_mcc,closer_to_zero"
lightgbm,full_safe,20,20,chronological_712,3407,2024-07-05,2024-07-04,219,0.03,0.08,0.5527411519777932,0.15987894085642695,0.1187214611872146,0.0,"balanced_accuracy,higher_mcc,closer_to_zero"
lightgbm,full_safe,20,20,chronological_712,3407,2024-07-05,2024-07-04,219,0.03,0.1,0.5018650242886884,0.01922412611661381,0.0091324200913242,0.0,"balanced_accuracy,higher_mcc,closer_to_zero"
