"period_end","period_key","frequency","instrument","factor_id","value","coverage","asof_date","quality_flag","source_version"
"2016-06-30","2016-06","monthly","corn","market_activity","0","0.5","2016-06-30","partial_period","corn_factors_monthly"
"2016-07-29","2016-07","monthly","corn","market_activity","0","1","2016-07-29","ok","corn_factors_monthly"
"2016-08-31","2016-08","monthly","corn","market_activity","0","1","2016-08-31","ok","corn_factors_monthly"
"2016-09-30","2016-09","monthly","corn","market_activity","0","1","2016-09-30","ok","corn_factors_monthly"
"2016-10-31","2016-10","monthly","corn","market_activity","0","1","2016-10-31","ok","corn_factors_monthly"
"2016-11-30","2016-11","monthly","corn","market_activity","0","1","2016-11-30","ok","corn_factors_monthly"
"2016-12-30","2016-12","monthly","corn","market_activity","0.4457246488","1","2016-12-30","ok","corn_factors_monthly"
"2017-01-26","2017-01","monthly","corn","market_activity","0.9076696461","1","2017-01-26","ok","corn_factors_monthly"
"2017-02-28","2017-02","monthly","corn","market_activity","0.5930894314","1","2017-02-28","ok","corn_factors_monthly"
"2017-03-31","2017-03","monthly","corn","market_activity","0.0821960921","1","2017-03-31","ok","corn_factors_monthly"
"2017-04-28","2017-04","monthly","corn","market_activity","-0.8651393815","1","2017-04-28","ok","corn_factors_monthly"
"2017-05-31","2017-05","monthly","corn","market_activity","-0.5120579932","1","2017-05-31","ok","corn_factors_monthly"
"2017-06-30","2017-06","monthly","corn","market_activity","-0.9608688948","1","2017-06-30","ok","corn_factors_monthly"
"2017-07-31","2017-07","monthly","corn","market_activity","-1.5892463812","1","2017-07-31","ok","corn_factors_monthly"
"2017-08-31","2017-08","monthly","corn","market_activity","0.0093637273","1","2017-08-31","ok","corn_factors_monthly"
"2017-09-29","2017-09","monthly","corn","market_activity","-1.2508712907","1","2017-09-29","ok","corn_factors_monthly"
"2017-10-31","2017-10","monthly","corn","market_activity","-0.6880986119","1","2017-10-31","ok","corn_factors_monthly"
"2017-11-30","2017-11","monthly","corn","market_activity","-1.4762327576","1","2017-11-30","ok","corn_factors_monthly"
"2017-12-29","2017-12","monthly","corn","market_activity","0.2323335294","1","2017-12-29","ok","corn_factors_monthly"
"2018-01-31","2018-01","monthly","corn","market_activity","-0.7637390243","1","2018-01-31","ok","corn_factors_monthly"
"2018-02-28","2018-02","monthly","corn","market_activity","-0.7697450047","1","2018-02-28","ok","corn_factors_monthly"
"2018-03-30","2018-03","monthly","corn","market_activity","-0.4418069121","1","2018-03-30","ok","corn_factors_monthly"
"2018-04-27","2018-04","monthly","corn","market_activity","-0.7858987217","1","2018-04-27","ok","corn_factors_monthly"
"2018-05-31","2018-05","monthly","corn","market_activity","-0.6694520545","1","2018-05-31","ok","corn_factors_monthly"
"2018-06-29","2018-06","monthly","corn","market_activity","-1.34110076","1","2018-06-29","ok","corn_factors_monthly"
"2018-07-31","2018-07","monthly","corn","market_activity","-0.535417551","1","2018-07-31","ok","corn_factors_monthly"
"2018-08-31","2018-08","monthly","corn","market_activity","0.61626775","1","2018-08-31","ok","corn_factors_monthly"
"2018-09-28","2018-09","monthly","corn","market_activity","-0.7839009461","1","2018-09-28","ok","corn_factors_monthly"
"2018-10-31","2018-10","monthly","corn","market_activity","-0.4331772972","1","2018-10-31","ok","corn_factors_monthly"
"2018-11-30","2018-11","monthly","corn","market_activity","0.0669513151","1","2018-11-30","ok","corn_factors_monthly"
"2018-12-28","2018-12","monthly","corn","market_activity","0.1150968213","1","2018-12-28","ok","corn_factors_monthly"
"2019-01-31","2019-01","monthly","corn","market_activity","-0.3866565521","1","2019-01-31","ok","corn_factors_monthly"
"2019-02-28","2019-02","monthly","corn","market_activity","-0.2513295245","1","2019-02-28","ok","corn_factors_monthly"
"2019-03-29","2019-03","monthly","corn","market_activity","-0.1135001557","1","2019-03-29","ok","corn_factors_monthly"
"2019-04-30","2019-04","monthly","corn","market_activity","0.2439666667","1","2019-04-30","ok","corn_factors_monthly"
"2019-05-31","2019-05","monthly","corn","market_activity","-0.1076364801","1","2019-05-31","ok","corn_factors_monthly"
"2019-06-28","2019-06","monthly","corn","market_activity","-0.1155035577","1","2019-06-28","ok","corn_factors_monthly"
"2019-07-31","2019-07","monthly","corn","market_activity","-0.8567334444","1","2019-07-31","ok","corn_factors_monthly"
"2019-08-30","2019-08","monthly","corn","market_activity","0.817000443","1","2019-08-30","ok","corn_factors_monthly"
"2019-09-30","2019-09","monthly","corn","market_activity","-0.0047808427","1","2019-09-30","ok","corn_factors_monthly"
"2019-10-31","2019-10","monthly","corn","market_activity","0.2957086097","1","2019-10-31","ok","corn_factors_monthly"
"2019-11-29","2019-11","monthly","corn","market_activity","-0.485543387","1","2019-11-29","ok","corn_factors_monthly"
"2019-12-31","2019-12","monthly","corn","market_activity","0.8504778428","1","2019-12-31","ok","corn_factors_monthly"
"2020-01-23","2020-01","monthly","corn","market_activity","-1.4409124505","1","2020-01-23","ok","corn_factors_monthly"
"2020-02-28","2020-02","monthly","corn","market_activity","-0.7936098448","1","2020-02-28","ok","corn_factors_monthly"
"2020-03-31","2020-03","monthly","corn","market_activity","0.0083022507","1","2020-03-31","ok","corn_factors_monthly"
"2020-04-30","2020-04","monthly","corn","market_activity","-0.3121826782","1","2020-04-30","ok","corn_factors_monthly"
"2020-05-29","2020-05","monthly","corn","market_activity","-0.6528609664","1","2020-05-29","ok","corn_factors_monthly"
"2020-06-30","2020-06","monthly","corn","market_activity","-0.3953381634","1","2020-06-30","ok","corn_factors_monthly"
"2020-07-31","2020-07","monthly","corn","market_activity","-0.8968322295","1","2020-07-31","ok","corn_factors_monthly"
"2020-08-31","2020-08","monthly","corn","market_activity","1.9981148414","1","2020-08-31","ok","corn_factors_monthly"
"2020-09-30","2020-09","monthly","corn","market_activity","0.5100048074","1","2020-09-30","ok","corn_factors_monthly"
"2020-10-30","2020-10","monthly","corn","market_activity","0.117186468","1","2020-10-30","ok","corn_factors_monthly"
"2020-11-30","2020-11","monthly","corn","market_activity","-0.9172225385","1","2020-11-30","ok","corn_factors_monthly"
"2020-12-31","2020-12","monthly","corn","market_activity","0.760306503","1","2020-12-31","ok","corn_factors_monthly"
"2021-01-29","2021-01","monthly","corn","market_activity","0.001399693","1","2021-01-29","ok","corn_factors_monthly"
"2021-02-26","2021-02","monthly","corn","market_activity","-0.4831651672","1","2021-02-26","ok","corn_factors_monthly"
"2021-03-31","2021-03","monthly","corn","market_activity","-0.5017446578","1","2021-03-31","ok","corn_factors_monthly"
"2021-04-30","2021-04","monthly","corn","market_activity","-0.4531830638","1","2021-04-30","ok","corn_factors_monthly"
"2021-05-31","2021-05","monthly","corn","market_activity","-0.3692829219","1","2021-05-31","ok","corn_factors_monthly"
"2021-06-30","2021-06","monthly","corn","market_activity","-0.4552561252","1","2021-06-30","ok","corn_factors_monthly"
"2021-07-30","2021-07","monthly","corn","market_activity","-0.458910808","1","2021-07-30","ok","corn_factors_monthly"
"2021-08-31","2021-08","monthly","corn","market_activity","0.163317606","1","2021-08-31","ok","corn_factors_monthly"
"2021-09-30","2021-09","monthly","corn","market_activity","-0.0910580648","1","2021-09-30","ok","corn_factors_monthly"
"2021-10-29","2021-10","monthly","corn","market_activity","-0.3090574904","1","2021-10-29","ok","corn_factors_monthly"
"2021-11-30","2021-11","monthly","corn","market_activity","-0.4927668582","1","2021-11-30","ok","corn_factors_monthly"
"2021-12-31","2021-12","monthly","corn","market_activity","0.3853496522","1","2021-12-31","ok","corn_factors_monthly"
"2022-01-28","2022-01","monthly","corn","market_activity","-0.0250968164","1","2022-01-28","ok","corn_factors_monthly"
"2022-02-28","2022-02","monthly","corn","market_activity","0.0328321639","1","2022-02-28","ok","corn_factors_monthly"
"2022-03-31","2022-03","monthly","corn","market_activity","-0.5037961264","1","2022-03-31","ok","corn_factors_monthly"
"2022-04-29","2022-04","monthly","corn","market_activity","0.4341699561","1","2022-04-29","ok","corn_factors_monthly"
"2022-05-31","2022-05","monthly","corn","market_activity","-0.1102145016","1","2022-05-31","ok","corn_factors_monthly"
"2022-06-30","2022-06","monthly","corn","market_activity","-0.1450995062","1","2022-06-30","ok","corn_factors_monthly"
"2022-07-29","2022-07","monthly","corn","market_activity","-0.6270103366","1","2022-07-29","ok","corn_factors_monthly"
"2022-08-31","2022-08","monthly","corn","market_activity","-0.2590591448","1","2022-08-31","ok","corn_factors_monthly"
"2022-09-30","2022-09","monthly","corn","market_activity","-0.5270141808","1","2022-09-30","ok","corn_factors_monthly"
"2022-10-31","2022-10","monthly","corn","market_activity","-0.7484250567","1","2022-10-31","ok","corn_factors_monthly"
"2022-11-30","2022-11","monthly","corn","market_activity","-0.9495530876","1","2022-11-30","ok","corn_factors_monthly"
"2022-12-30","2022-12","monthly","corn","market_activity","-0.009074605","1","2022-12-30","ok","corn_factors_monthly"
"2023-01-31","2023-01","monthly","corn","market_activity","-0.8659069758","1","2023-01-31","ok","corn_factors_monthly"
"2023-02-28","2023-02","monthly","corn","market_activity","-0.4799251727","1","2023-02-28","ok","corn_factors_monthly"
"2023-03-31","2023-03","monthly","corn","market_activity","-0.1047424293","1","2023-03-31","ok","corn_factors_monthly"
"2023-04-28","2023-04","monthly","corn","market_activity","-0.0377762882","1","2023-04-28","ok","corn_factors_monthly"
"2023-05-31","2023-05","monthly","corn","market_activity","-0.497636426","1","2023-05-31","ok","corn_factors_monthly"
"2023-06-30","2023-06","monthly","corn","market_activity","-0.0754854018","1","2023-06-30","ok","corn_factors_monthly"
"2023-07-31","2023-07","monthly","corn","market_activity","-0.630651814","1","2023-07-31","ok","corn_factors_monthly"
"2023-08-31","2023-08","monthly","corn","market_activity","0.1068951434","1","2023-08-31","ok","corn_factors_monthly"
"2023-09-28","2023-09","monthly","corn","market_activity","-1.4589780978","1","2023-09-28","ok","corn_factors_monthly"
"2023-10-31","2023-10","monthly","corn","market_activity","0.7814053416","1","2023-10-31","ok","corn_factors_monthly"
"2023-11-30","2023-11","monthly","corn","market_activity","-0.488219355","1","2023-11-30","ok","corn_factors_monthly"
"2023-12-29","2023-12","monthly","corn","market_activity","-0.2885071495","1","2023-12-29","ok","corn_factors_monthly"
"2024-01-31","2024-01","monthly","corn","market_activity","0.259787559","1","2024-01-31","ok","corn_factors_monthly"
"2024-02-29","2024-02","monthly","corn","market_activity","-0.2881868173","1","2024-02-29","ok","corn_factors_monthly"
"2024-03-29","2024-03","monthly","corn","market_activity","-0.160926","1","2024-03-29","ok","corn_factors_monthly"
"2024-04-30","2024-04","monthly","corn","market_activity","-0.4386207126","1","2024-04-30","ok","corn_factors_monthly"
"2024-05-31","2024-05","monthly","corn","market_activity","-0.8428365853","1","2024-05-31","ok","corn_factors_monthly"
"2024-06-28","2024-06","monthly","corn","market_activity","0.1717681344","1","2024-06-28","ok","corn_factors_monthly"
"2024-07-31","2024-07","monthly","corn","market_activity","-0.297845393","1","2024-07-31","ok","corn_factors_monthly"
"2024-08-30","2024-08","monthly","corn","market_activity","-0.3226058288","1","2024-08-30","ok","corn_factors_monthly"
"2024-09-30","2024-09","monthly","corn","market_activity","-0.7530691563","1","2024-09-30","ok","corn_factors_monthly"
"2024-10-31","2024-10","monthly","corn","market_activity","0.7298534373","1","2024-10-31","ok","corn_factors_monthly"
"2024-11-29","2024-11","monthly","corn","market_activity","-0.032017263","1","2024-11-29","ok","corn_factors_monthly"
"2024-12-31","2024-12","monthly","corn","market_activity","0.4361837184","1","2024-12-31","ok","corn_factors_monthly"
"2025-01-27","2025-01","monthly","corn","market_activity","0.1881582747","1","2025-01-27","ok","corn_factors_monthly"
"2025-02-28","2025-02","monthly","corn","market_activity","0.3430104643","1","2025-02-28","ok","corn_factors_monthly"
"2025-03-31","2025-03","monthly","corn","market_activity","0.0891148541","1","2025-03-31","ok","corn_factors_monthly"
"2025-04-30","2025-04","monthly","corn","market_activity","0.4814908966","1","2025-04-30","ok","corn_factors_monthly"
"2025-05-30","2025-05","monthly","corn","market_activity","-0.0845828503","1","2025-05-30","ok","corn_factors_monthly"
"2025-06-30","2025-06","monthly","corn","market_activity","-0.1809624061","1","2025-06-30","ok","corn_factors_monthly"
"2025-07-31","2025-07","monthly","corn","market_activity","-0.0607638419","1","2025-07-31","ok","corn_factors_monthly"
"2025-08-29","2025-08","monthly","corn","market_activity","0.0261747626","1","2025-08-29","ok","corn_factors_monthly"
"2025-09-30","2025-09","monthly","corn","market_activity","-0.4451051258","1","2025-09-30","ok","corn_factors_monthly"
"2025-10-31","2025-10","monthly","corn","market_activity","0.1113150982","1","2025-10-31","ok","corn_factors_monthly"
"2025-11-28","2025-11","monthly","corn","market_activity","0.2258209811","1","2025-11-28","ok","corn_factors_monthly"
"2025-12-31","2025-12","monthly","corn","market_activity","0.2113080677","1","2025-12-31","ok","corn_factors_monthly"
"2026-01-30","2026-01","monthly","corn","market_activity","-0.1617014997","1","2026-01-30","ok","corn_factors_monthly"
"2026-02-27","2026-02","monthly","corn","market_activity","0.3055293165","1","2026-02-27","ok","corn_factors_monthly"
"2026-03-31","2026-03","monthly","corn","market_activity","0.5524163992","1","2026-03-31","ok","corn_factors_monthly"
"2026-04-30","2026-04","monthly","corn","market_activity","0.4434173806","1","2026-04-30","ok","corn_factors_monthly"
"2026-05-29","2026-05","monthly","corn","market_activity","0.093835388","1","2026-05-29","ok","corn_factors_monthly"
"2026-06-26","2026-06","monthly","corn","market_activity","-0.1201451833","1","2026-06-26","ok","corn_factors_monthly"
"2016-07-01","2016-W26","weekly","corn","market_activity","0","0.5","2016-07-01","partial_period","corn_factors_weekly"
"2016-07-08","2016-W27","weekly","corn","market_activity","0","1","2016-07-08","ok","corn_factors_weekly"
"2016-07-15","2016-W28","weekly","corn","market_activity","0","1","2016-07-15","ok","corn_factors_weekly"
"2016-07-22","2016-W29","weekly","corn","market_activity","0","1","2016-07-22","ok","corn_factors_weekly"
"2016-07-29","2016-W30","weekly","corn","market_activity","0","1","2016-07-29","ok","corn_factors_weekly"
"2016-08-05","2016-W31","weekly","corn","market_activity","0","1","2016-08-05","ok","corn_factors_weekly"
"2016-08-12","2016-W32","weekly","corn","market_activity","0","1","2016-08-12","ok","corn_factors_weekly"
"2016-08-19","2016-W33","weekly","corn","market_activity","0","1","2016-08-19","ok","corn_factors_weekly"
"2016-08-26","2016-W34","weekly","corn","market_activity","0","1","2016-08-26","ok","corn_factors_weekly"
"2016-09-02","2016-W35","weekly","corn","market_activity","0","1","2016-09-02","ok","corn_factors_weekly"
"2016-09-09","2016-W36","weekly","corn","market_activity","0","1","2016-09-09","ok","corn_factors_weekly"
"2016-09-14","2016-W37","weekly","corn","market_activity","0","1","2016-09-14","ok","corn_factors_weekly"
"2016-09-23","2016-W38","weekly","corn","market_activity","0.5605474013","1","2016-09-23","ok","corn_factors_weekly"
"2016-09-30","2016-W39","weekly","corn","market_activity","-0.4998490152","1","2016-09-30","ok","corn_factors_weekly"
"2016-10-14","2016-W41","weekly","corn","market_activity","-0.6561749354","1","2016-10-14","ok","corn_factors_weekly"
"2016-10-21","2016-W42","weekly","corn","market_activity","-0.1286218907","1","2016-10-21","ok","corn_factors_weekly"
"2016-10-28","2016-W43","weekly","corn","market_activity","-0.201194424","1","2016-10-28","ok","corn_factors_weekly"
"2016-11-04","2016-W44","weekly","corn","market_activity","-1.2669500351","1","2016-11-04","ok","corn_factors_weekly"
"2016-11-11","2016-W45","weekly","corn","market_activity","-1.7969731285","1","2016-11-11","ok","corn_factors_weekly"
"2016-11-18","2016-W46","weekly","corn","market_activity","-0.1847673562","1","2016-11-18","ok","corn_factors_weekly"
"2016-11-25","2016-W47","weekly","corn","market_activity","0.7505009296","1","2016-11-25","ok","corn_factors_weekly"
"2016-12-02","2016-W48","weekly","corn","market_activity","0.7743411085","1","2016-12-02","ok","corn_factors_weekly"
"2016-12-09","2016-W49","weekly","corn","market_activity","0.1740264319","1","2016-12-09","ok","corn_factors_weekly"
"2016-12-16","2016-W50","weekly","corn","market_activity","0.6287991413","1","2016-12-16","ok","corn_factors_weekly"
"2016-12-23","2016-W51","weekly","corn","market_activity","0.3692695873","1","2016-12-23","ok","corn_factors_weekly"
"2016-12-30","2016-W52","weekly","corn","market_activity","0.5105361183","1","2016-12-30","ok","corn_factors_weekly"
"2017-01-06","2017-W01","weekly","corn","market_activity","0.6080814965","1","2017-01-06","ok","corn_factors_weekly"
"2017-01-13","2017-W02","weekly","corn","market_activity","0.806676582","1","2017-01-13","ok","corn_factors_weekly"
"2017-01-20","2017-W03","weekly","corn","market_activity","1.439990283","1","2017-01-20","ok","corn_factors_weekly"
"2017-01-26","2017-W04","weekly","corn","market_activity","-0.3830159489","1","2017-01-26","ok","corn_factors_weekly"
"2017-02-03","2017-W05","weekly","corn","market_activity","-1.3803465873","1","2017-02-03","ok","corn_factors_weekly"
"2017-02-10","2017-W06","weekly","corn","market_activity","9.5039634864","1","2017-02-10","ok","corn_factors_weekly"
"2017-02-17","2017-W07","weekly","corn","market_activity","0.5420901969","1","2017-02-17","ok","corn_factors_weekly"
"2017-02-24","2017-W08","weekly","corn","market_activity","0.1956374086","1","2017-02-24","ok","corn_factors_weekly"
"2017-03-03","2017-W09","weekly","corn","market_activity","0.2653321692","1","2017-03-03","ok","corn_factors_weekly"
"2017-03-10","2017-W10","weekly","corn","market_activity","-0.0412827181","1","2017-03-10","ok","corn_factors_weekly"
"2017-03-17","2017-W11","weekly","corn","market_activity","0.6323643932","1","2017-03-17","ok","corn_factors_weekly"
"2017-03-24","2017-W12","weekly","corn","market_activity","0.608901145","1","2017-03-24","ok","corn_factors_weekly"
"2017-03-31","2017-W13","weekly","corn","market_activity","0.1555385945","1","2017-03-31","ok","corn_factors_weekly"
"2017-04-07","2017-W14","weekly","corn","market_activity","-0.2724767051","1","2017-04-07","ok","corn_factors_weekly"
"2017-04-14","2017-W15","weekly","corn","market_activity","0.1273498707","1","2017-04-14","ok","corn_factors_weekly"
"2017-04-21","2017-W16","weekly","corn","market_activity","-0.5038063177","1","2017-04-21","ok","corn_factors_weekly"
"2017-04-28","2017-W17","weekly","corn","market_activity","-0.4065447053","1","2017-04-28","ok","corn_factors_weekly"
"2017-05-05","2017-W18","weekly","corn","market_activity","-0.3650597555","1","2017-05-05","ok","corn_factors_weekly"
"2017-05-12","2017-W19","weekly","corn","market_activity","-0.3031037464","1","2017-05-12","ok","corn_factors_weekly"
"2017-05-19","2017-W20","weekly","corn","market_activity","-0.4683956392","1","2017-05-19","ok","corn_factors_weekly"
"2017-05-26","2017-W21","weekly","corn","market_activity","-0.3679905754","1","2017-05-26","ok","corn_factors_weekly"
"2017-06-02","2017-W22","weekly","corn","market_activity","-0.6139364506","1","2017-06-02","ok","corn_factors_weekly"
"2017-06-09","2017-W23","weekly","corn","market_activity","-0.1943275167","1","2017-06-09","ok","corn_factors_weekly"
"2017-06-16","2017-W24","weekly","corn","market_activity","-0.39677471","1","2017-06-16","ok","corn_factors_weekly"
"2017-06-23","2017-W25","weekly","corn","market_activity","-0.7180655251","1","2017-06-23","ok","corn_factors_weekly"
"2017-06-30","2017-W26","weekly","corn","market_activity","-0.8629499401","1","2017-06-30","ok","corn_factors_weekly"
"2017-07-07","2017-W27","weekly","corn","market_activity","-0.4915475098","1","2017-07-07","ok","corn_factors_weekly"
"2017-07-14","2017-W28","weekly","corn","market_activity","-0.7643413673","1","2017-07-14","ok","corn_factors_weekly"
"2017-07-21","2017-W29","weekly","corn","market_activity","-0.8210086948","1","2017-07-21","ok","corn_factors_weekly"
"2017-07-28","2017-W30","weekly","corn","market_activity","-1.6702700988","1","2017-07-28","ok","corn_factors_weekly"
"2017-08-04","2017-W31","weekly","corn","market_activity","-1.1809398495","1","2017-08-04","ok","corn_factors_weekly"
"2017-08-11","2017-W32","weekly","corn","market_activity","-0.0358595828","1","2017-08-11","ok","corn_factors_weekly"
"2017-08-18","2017-W33","weekly","corn","market_activity","-0.1941306049","1","2017-08-18","ok","corn_factors_weekly"
"2017-08-25","2017-W34","weekly","corn","market_activity","-0.6666957487","1","2017-08-25","ok","corn_factors_weekly"
"2017-09-01","2017-W35","weekly","corn","market_activity","-0.7795786721","1","2017-09-01","ok","corn_factors_weekly"
"2017-09-08","2017-W36","weekly","corn","market_activity","-0.765981399","1","2017-09-08","ok","corn_factors_weekly"
"2017-09-15","2017-W37","weekly","corn","market_activity","-0.8807261829","1","2017-09-15","ok","corn_factors_weekly"
"2017-09-22","2017-W38","weekly","corn","market_activity","-0.7759205614","1","2017-09-22","ok","corn_factors_weekly"
"2017-09-29","2017-W39","weekly","corn","market_activity","-1.2494318158","1","2017-09-29","ok","corn_factors_weekly"
"2017-10-13","2017-W41","weekly","corn","market_activity","-1.1218611286","1","2017-10-13","ok","corn_factors_weekly"
"2017-10-20","2017-W42","weekly","corn","market_activity","-0.7072955022","1","2017-10-20","ok","corn_factors_weekly"
"2017-10-27","2017-W43","weekly","corn","market_activity","-0.9917861958","1","2017-10-27","ok","corn_factors_weekly"
"2017-11-03","2017-W44","weekly","corn","market_activity","-0.8820624323","1","2017-11-03","ok","corn_factors_weekly"
"2017-11-10","2017-W45","weekly","corn","market_activity","-1.0037320696","1","2017-11-10","ok","corn_factors_weekly"
"2017-11-17","2017-W46","weekly","corn","market_activity","-1.0556525381","1","2017-11-17","ok","corn_factors_weekly"
"2017-11-24","2017-W47","weekly","corn","market_activity","-1.4730373224","1","2017-11-24","ok","corn_factors_weekly"
"2017-12-01","2017-W48","weekly","corn","market_activity","-1.7088038567","1","2017-12-01","ok","corn_factors_weekly"
"2017-12-08","2017-W49","weekly","corn","market_activity","-0.0909798102","1","2017-12-08","ok","corn_factors_weekly"
"2017-12-15","2017-W50","weekly","corn","market_activity","-0.3996251749","1","2017-12-15","ok","corn_factors_weekly"
"2017-12-22","2017-W51","weekly","corn","market_activity","-0.0442035718","1","2017-12-22","ok","corn_factors_weekly"
"2017-12-29","2017-W52","weekly","corn","market_activity","-0.7900766244","1","2017-12-29","ok","corn_factors_weekly"
"2018-01-05","2018-W01","weekly","corn","market_activity","-0.4553918779","1","2018-01-05","ok","corn_factors_weekly"
"2018-01-12","2018-W02","weekly","corn","market_activity","-0.5932066556","1","2018-01-12","ok","corn_factors_weekly"
"2018-01-19","2018-W03","weekly","corn","market_activity","-0.665345675","1","2018-01-19","ok","corn_factors_weekly"
"2018-01-26","2018-W04","weekly","corn","market_activity","-1.0326987418","1","2018-01-26","ok","corn_factors_weekly"
"2018-02-02","2018-W05","weekly","corn","market_activity","-1.0183920771","1","2018-02-02","ok","corn_factors_weekly"
"2018-02-09","2018-W06","weekly","corn","market_activity","-0.7661047038","1","2018-02-09","ok","corn_factors_weekly"
"2018-02-14","2018-W07","weekly","corn","market_activity","-1.4397396673","1","2018-02-14","ok","corn_factors_weekly"
"2018-02-23","2018-W08","weekly","corn","market_activity","-1.2300242755","1","2018-02-23","ok","corn_factors_weekly"
"2018-03-02","2018-W09","weekly","corn","market_activity","0.2973004589","1","2018-03-02","ok","corn_factors_weekly"
"2018-03-09","2018-W10","weekly","corn","market_activity","-0.7434161936","1","2018-03-09","ok","corn_factors_weekly"
"2018-03-16","2018-W11","weekly","corn","market_activity","-1.1606821064","1","2018-03-16","ok","corn_factors_weekly"
"2018-03-23","2018-W12","weekly","corn","market_activity","-0.6030882979","1","2018-03-23","ok","corn_factors_weekly"
"2018-03-30","2018-W13","weekly","corn","market_activity","-0.4672020653","1","2018-03-30","ok","corn_factors_weekly"
"2018-04-04","2018-W14","weekly","corn","market_activity","-0.516336245","1","2018-04-04","ok","corn_factors_weekly"
"2018-04-13","2018-W15","weekly","corn","market_activity","-0.6286783577","1","2018-04-13","ok","corn_factors_weekly"
"2018-04-20","2018-W16","weekly","corn","market_activity","-0.8212595044","1","2018-04-20","ok","corn_factors_weekly"
"2018-04-27","2018-W17","weekly","corn","market_activity","-0.8307528268","1","2018-04-27","ok","corn_factors_weekly"
"2018-05-04","2018-W18","weekly","corn","market_activity","-1.0515804502","1","2018-05-04","ok","corn_factors_weekly"
"2018-05-11","2018-W19","weekly","corn","market_activity","-0.930190826","1","2018-05-11","ok","corn_factors_weekly"
"2018-05-18","2018-W20","weekly","corn","market_activity","-0.6350746414","1","2018-05-18","ok","corn_factors_weekly"
"2018-05-25","2018-W21","weekly","corn","market_activity","-0.4585768004","1","2018-05-25","ok","corn_factors_weekly"
"2018-06-01","2018-W22","weekly","corn","market_activity","-0.7152609601","1","2018-06-01","ok","corn_factors_weekly"
"2018-06-08","2018-W23","weekly","corn","market_activity","-1.2937909916","1","2018-06-08","ok","corn_factors_weekly"
"2018-06-15","2018-W24","weekly","corn","market_activity","-1.0830826346","1","2018-06-15","ok","corn_factors_weekly"
"2018-06-22","2018-W25","weekly","corn","market_activity","-1.3209369092","1","2018-06-22","ok","corn_factors_weekly"
"2018-06-29","2018-W26","weekly","corn","market_activity","-0.7852919297","1","2018-06-29","ok","corn_factors_weekly"
"2018-07-06","2018-W27","weekly","corn","market_activity","-1.2215330717","1","2018-07-06","ok","corn_factors_weekly"
"2018-07-13","2018-W28","weekly","corn","market_activity","-0.2638749004","1","2018-07-13","ok","corn_factors_weekly"
"2018-07-20","2018-W29","weekly","corn","market_activity","-0.4586858698","1","2018-07-20","ok","corn_factors_weekly"
"2018-07-27","2018-W30","weekly","corn","market_activity","-0.7974144441","1","2018-07-27","ok","corn_factors_weekly"
"2018-08-03","2018-W31","weekly","corn","market_activity","-0.7705133398","1","2018-08-03","ok","corn_factors_weekly"
"2018-08-10","2018-W32","weekly","corn","market_activity","0.6787696256","1","2018-08-10","ok","corn_factors_weekly"
"2018-08-17","2018-W33","weekly","corn","market_activity","-0.3785590466","1","2018-08-17","ok","corn_factors_weekly"
"2018-08-24","2018-W34","weekly","corn","market_activity","-0.315763674","1","2018-08-24","ok","corn_factors_weekly"
"2018-08-31","2018-W35","weekly","corn","market_activity","0.242591031","1","2018-08-31","ok","corn_factors_weekly"
"2018-09-07","2018-W36","weekly","corn","market_activity","0.249057222","1","2018-09-07","ok","corn_factors_weekly"
"2018-09-14","2018-W37","weekly","corn","market_activity","-0.8223626473","1","2018-09-14","ok","corn_factors_weekly"
"2018-09-21","2018-W38","weekly","corn","market_activity","-0.6095987998","1","2018-09-21","ok","corn_factors_weekly"
"2018-09-28","2018-W39","weekly","corn","market_activity","-0.8832229987","1","2018-09-28","ok","corn_factors_weekly"
"2018-10-12","2018-W41","weekly","corn","market_activity","0.0649894366","1","2018-10-12","ok","corn_factors_weekly"
"2018-10-19","2018-W42","weekly","corn","market_activity","-0.3745912518","1","2018-10-19","ok","corn_factors_weekly"
"2018-10-26","2018-W43","weekly","corn","market_activity","-0.5393532877","1","2018-10-26","ok","corn_factors_weekly"
"2018-11-02","2018-W44","weekly","corn","market_activity","-0.6240253355","1","2018-11-02","ok","corn_factors_weekly"
"2018-11-09","2018-W45","weekly","corn","market_activity","-0.5180434971","1","2018-11-09","ok","corn_factors_weekly"
"2018-11-16","2018-W46","weekly","corn","market_activity","0.0795795844","1","2018-11-16","ok","corn_factors_weekly"
"2018-11-23","2018-W47","weekly","corn","market_activity","-0.0103282712","1","2018-11-23","ok","corn_factors_weekly"
"2018-11-30","2018-W48","weekly","corn","market_activity","-0.0963386042","1","2018-11-30","ok","corn_factors_weekly"
"2018-12-07","2018-W49","weekly","corn","market_activity","0.4041844503","1","2018-12-07","ok","corn_factors_weekly"
"2018-12-14","2018-W50","weekly","corn","market_activity","-0.1798363385","1","2018-12-14","ok","corn_factors_weekly"
"2018-12-21","2018-W51","weekly","corn","market_activity","-0.1161783964","1","2018-12-21","ok","corn_factors_weekly"
"2018-12-28","2018-W52","weekly","corn","market_activity","-0.0413289501","1","2018-12-28","ok","corn_factors_weekly"
"2019-01-04","2019-W01","weekly","corn","market_activity","-0.6695028247","1","2019-01-04","ok","corn_factors_weekly"
"2019-01-11","2019-W02","weekly","corn","market_activity","0.284948455","1","2019-01-11","ok","corn_factors_weekly"
"2019-01-18","2019-W03","weekly","corn","market_activity","-0.0434800946","1","2019-01-18","ok","corn_factors_weekly"
"2019-01-25","2019-W04","weekly","corn","market_activity","-0.1971967029","1","2019-01-25","ok","corn_factors_weekly"
"2019-02-01","2019-W05","weekly","corn","market_activity","-0.8592391437","1","2019-02-01","ok","corn_factors_weekly"
"2019-02-15","2019-W07","weekly","corn","market_activity","-0.2091850163","1","2019-02-15","ok","corn_factors_weekly"
"2019-02-22","2019-W08","weekly","corn","market_activity","-0.137457914","1","2019-02-22","ok","corn_factors_weekly"
"2019-03-01","2019-W09","weekly","corn","market_activity","0.132825365","1","2019-03-01","ok","corn_factors_weekly"
"2019-03-08","2019-W10","weekly","corn","market_activity","-0.4260425666","1","2019-03-08","ok","corn_factors_weekly"
"2019-03-15","2019-W11","weekly","corn","market_activity","-0.2398510931","1","2019-03-15","ok","corn_factors_weekly"
"2019-03-22","2019-W12","weekly","corn","market_activity","-0.3326690526","1","2019-03-22","ok","corn_factors_weekly"
"2019-03-29","2019-W13","weekly","corn","market_activity","0.0925280722","1","2019-03-29","ok","corn_factors_weekly"
"2019-04-04","2019-W14","weekly","corn","market_activity","0.4651443578","1","2019-04-04","ok","corn_factors_weekly"
"2019-04-12","2019-W15","weekly","corn","market_activity","0.1302963754","1","2019-04-12","ok","corn_factors_weekly"
"2019-04-19","2019-W16","weekly","corn","market_activity","0.2416440896","1","2019-04-19","ok","corn_factors_weekly"
"2019-04-26","2019-W17","weekly","corn","market_activity","-0.1738707149","1","2019-04-26","ok","corn_factors_weekly"
"2019-04-30","2019-W18","weekly","corn","market_activity","-0.5888366113","1","2019-04-30","ok","corn_factors_weekly"
"2019-05-10","2019-W19","weekly","corn","market_activity","0.2667009023","1","2019-05-10","ok","corn_factors_weekly"
"2019-05-17","2019-W20","weekly","corn","market_activity","0.015232744","1","2019-05-17","ok","corn_factors_weekly"
"2019-05-24","2019-W21","weekly","corn","market_activity","0.1217403008","1","2019-05-24","ok","corn_factors_weekly"
"2019-05-31","2019-W22","weekly","corn","market_activity","0.2020532014","1","2019-05-31","ok","corn_factors_weekly"
"2019-06-06","2019-W23","weekly","corn","market_activity","-0.2728866495","1","2019-06-06","ok","corn_factors_weekly"
"2019-06-14","2019-W24","weekly","corn","market_activity","0.162566724","1","2019-06-14","ok","corn_factors_weekly"
"2019-06-21","2019-W25","weekly","corn","market_activity","-0.1612495588","1","2019-06-21","ok","corn_factors_weekly"
"2019-06-28","2019-W26","weekly","corn","market_activity","-0.1121815804","1","2019-06-28","ok","corn_factors_weekly"
"2019-07-05","2019-W27","weekly","corn","market_activity","-0.5578897475","1","2019-07-05","ok","corn_factors_weekly"
"2019-07-12","2019-W28","weekly","corn","market_activity","-0.2719246999","1","2019-07-12","ok","corn_factors_weekly"
"2019-07-19","2019-W29","weekly","corn","market_activity","-0.6783900064","1","2019-07-19","ok","corn_factors_weekly"
"2019-07-26","2019-W30","weekly","corn","market_activity","-0.8193197595","1","2019-07-26","ok","corn_factors_weekly"
"2019-08-02","2019-W31","weekly","corn","market_activity","-0.9956222828","1","2019-08-02","ok","corn_factors_weekly"
"2019-08-09","2019-W32","weekly","corn","market_activity","1.1039048875","1","2019-08-09","ok","corn_factors_weekly"
"2019-08-16","2019-W33","weekly","corn","market_activity","0.1647303962","1","2019-08-16","ok","corn_factors_weekly"
"2019-08-23","2019-W34","weekly","corn","market_activity","0.5471324631","1","2019-08-23","ok","corn_factors_weekly"
"2019-08-30","2019-W35","weekly","corn","market_activity","-0.0043128385","1","2019-08-30","ok","corn_factors_weekly"
"2019-09-06","2019-W36","weekly","corn","market_activity","0.1604701821","1","2019-09-06","ok","corn_factors_weekly"
"2019-09-12","2019-W37","weekly","corn","market_activity","-0.3249279899","1","2019-09-12","ok","corn_factors_weekly"
"2019-09-20","2019-W38","weekly","corn","market_activity","0.4608080204","1","2019-09-20","ok","corn_factors_weekly"
"2019-09-27","2019-W39","weekly","corn","market_activity","-0.1252278559","1","2019-09-27","ok","corn_factors_weekly"
"2019-09-30","2019-W40","weekly","corn","market_activity","-0.8418251037","1","2019-09-30","ok","corn_factors_weekly"
"2019-10-11","2019-W41","weekly","corn","market_activity","0.871228706","1","2019-10-11","ok","corn_factors_weekly"
"2019-10-18","2019-W42","weekly","corn","market_activity","0.0296199271","1","2019-10-18","ok","corn_factors_weekly"
"2019-10-25","2019-W43","weekly","corn","market_activity","0.0224479191","1","2019-10-25","ok","corn_factors_weekly"
"2019-11-01","2019-W44","weekly","corn","market_activity","0.8674764262","1","2019-11-01","ok","corn_factors_weekly"
"2019-11-08","2019-W45","weekly","corn","market_activity","0.2836367678","1","2019-11-08","ok","corn_factors_weekly"
"2019-11-15","2019-W46","weekly","corn","market_activity","-0.1302932318","1","2019-11-15","ok","corn_factors_weekly"
"2019-11-22","2019-W47","weekly","corn","market_activity","-0.283320384","1","2019-11-22","ok","corn_factors_weekly"
"2019-11-29","2019-W48","weekly","corn","market_activity","-0.7441880423","1","2019-11-29","ok","corn_factors_weekly"
"2019-12-06","2019-W49","weekly","corn","market_activity","1.0155978876","1","2019-12-06","ok","corn_factors_weekly"
"2019-12-13","2019-W50","weekly","corn","market_activity","0.0921725705","1","2019-12-13","ok","corn_factors_weekly"
"2019-12-20","2019-W51","weekly","corn","market_activity","0.1774094498","1","2019-12-20","ok","corn_factors_weekly"
"2019-12-27","2019-W52","weekly","corn","market_activity","0.4063252204","1","2019-12-27","ok","corn_factors_weekly"
"2020-01-03","2020-W01","weekly","corn","market_activity","-1.7570425052","1","2020-01-03","ok","corn_factors_weekly"
"2020-01-10","2020-W02","weekly","corn","market_activity","-0.638631878","1","2020-01-10","ok","corn_factors_weekly"
"2020-01-17","2020-W03","weekly","corn","market_activity","-0.2642331436","1","2020-01-17","ok","corn_factors_weekly"
"2020-01-23","2020-W04","weekly","corn","market_activity","-1.1561290839","1","2020-01-23","ok","corn_factors_weekly"
"2020-02-07","2020-W06","weekly","corn","market_activity","-0.5369880242","1","2020-02-07","ok","corn_factors_weekly"
"2020-02-14","2020-W07","weekly","corn","market_activity","-0.9378933402","1","2020-02-14","ok","corn_factors_weekly"
"2020-02-21","2020-W08","weekly","corn","market_activity","-0.5827796928","1","2020-02-21","ok","corn_factors_weekly"
"2020-02-28","2020-W09","weekly","corn","market_activity","-0.9463869515","1","2020-02-28","ok","corn_factors_weekly"
"2020-03-06","2020-W10","weekly","corn","market_activity","-1.0229528541","1","2020-03-06","ok","corn_factors_weekly"
"2020-03-13","2020-W11","weekly","corn","market_activity","0.0588670984","1","2020-03-13","ok","corn_factors_weekly"
"2020-03-20","2020-W12","weekly","corn","market_activity","-0.9409765316","1","2020-03-20","ok","corn_factors_weekly"
"2020-03-27","2020-W13","weekly","corn","market_activity","0.3704620107","1","2020-03-27","ok","corn_factors_weekly"
"2020-04-03","2020-W14","weekly","corn","market_activity","-0.1933037033","1","2020-04-03","ok","corn_factors_weekly"
"2020-04-10","2020-W15","weekly","corn","market_activity","-0.5114391921","1","2020-04-10","ok","corn_factors_weekly"
"2020-04-17","2020-W16","weekly","corn","market_activity","-0.1533613325","1","2020-04-17","ok","corn_factors_weekly"
"2020-04-24","2020-W17","weekly","corn","market_activity","-0.2152870434","1","2020-04-24","ok","corn_factors_weekly"
"2020-04-30","2020-W18","weekly","corn","market_activity","-0.499737748","1","2020-04-30","ok","corn_factors_weekly"
"2020-05-08","2020-W19","weekly","corn","market_activity","-0.4618872077","1","2020-05-08","ok","corn_factors_weekly"
"2020-05-15","2020-W20","weekly","corn","market_activity","-0.566511861","1","2020-05-15","ok","corn_factors_weekly"
"2020-05-22","2020-W21","weekly","corn","market_activity","-0.3921950727","1","2020-05-22","ok","corn_factors_weekly"
"2020-05-29","2020-W22","weekly","corn","market_activity","-0.5170994335","1","2020-05-29","ok","corn_factors_weekly"
"2020-06-05","2020-W23","weekly","corn","market_activity","-0.6638917922","1","2020-06-05","ok","corn_factors_weekly"
"2020-06-12","2020-W24","weekly","corn","market_activity","-0.3856439003","1","2020-06-12","ok","corn_factors_weekly"
"2020-06-19","2020-W25","weekly","corn","market_activity","-0.138138227","1","2020-06-19","ok","corn_factors_weekly"
"2020-06-24","2020-W26","weekly","corn","market_activity","-0.6662178672","1","2020-06-24","ok","corn_factors_weekly"
"2020-07-03","2020-W27","weekly","corn","market_activity","-0.3194894397","1","2020-07-03","ok","corn_factors_weekly"
"2020-07-10","2020-W28","weekly","corn","market_activity","-0.6170110112","1","2020-07-10","ok","corn_factors_weekly"
"2020-07-17","2020-W29","weekly","corn","market_activity","-0.8002648192","1","2020-07-17","ok","corn_factors_weekly"
"2020-07-24","2020-W30","weekly","corn","market_activity","-0.1103343545","1","2020-07-24","ok","corn_factors_weekly"
"2020-07-31","2020-W31","weekly","corn","market_activity","-0.9267898958","1","2020-07-31","ok","corn_factors_weekly"
"2020-08-07","2020-W32","weekly","corn","market_activity","2.4348964481","1","2020-08-07","ok","corn_factors_weekly"
"2020-08-14","2020-W33","weekly","corn","market_activity","0.611198464","1","2020-08-14","ok","corn_factors_weekly"
"2020-08-21","2020-W34","weekly","corn","market_activity","0.3314926597","1","2020-08-21","ok","corn_factors_weekly"
"2020-08-28","2020-W35","weekly","corn","market_activity","0.1615524008","1","2020-08-28","ok","corn_factors_weekly"
"2020-09-04","2020-W36","weekly","corn","market_activity","0.1222332345","1","2020-09-04","ok","corn_factors_weekly"
"2020-09-11","2020-W37","weekly","corn","market_activity","0.7949457123","1","2020-09-11","ok","corn_factors_weekly"
"2020-09-18","2020-W38","weekly","corn","market_activity","0.7084557281","1","2020-09-18","ok","corn_factors_weekly"
"2020-09-25","2020-W39","weekly","corn","market_activity","0.2903242234","1","2020-09-25","ok","corn_factors_weekly"
"2020-09-30","2020-W40","weekly","corn","market_activity","-0.2460705926","1","2020-09-30","ok","corn_factors_weekly"
"2020-10-09","2020-W41","weekly","corn","market_activity","-0.5047007154","1","2020-10-09","ok","corn_factors_weekly"
"2020-10-16","2020-W42","weekly","corn","market_activity","1.8572554059","1","2020-10-16","ok","corn_factors_weekly"
"2020-10-23","2020-W43","weekly","corn","market_activity","0.2221003897","1","2020-10-23","ok","corn_factors_weekly"
"2020-10-30","2020-W44","weekly","corn","market_activity","0.211287765","1","2020-10-30","ok","corn_factors_weekly"
"2020-11-06","2020-W45","weekly","corn","market_activity","-0.204265079","1","2020-11-06","ok","corn_factors_weekly"
"2020-11-13","2020-W46","weekly","corn","market_activity","-0.3058117661","1","2020-11-13","ok","corn_factors_weekly"
"2020-11-20","2020-W47","weekly","corn","market_activity","-0.547647493","1","2020-11-20","ok","corn_factors_weekly"
"2020-11-27","2020-W48","weekly","corn","market_activity","-1.0502292496","1","2020-11-27","ok","corn_factors_weekly"
"2020-12-04","2020-W49","weekly","corn","market_activity","1.2557691255","1","2020-12-04","ok","corn_factors_weekly"
"2020-12-11","2020-W50","weekly","corn","market_activity","0.0326253474","1","2020-12-11","ok","corn_factors_weekly"
"2020-12-18","2020-W51","weekly","corn","market_activity","-0.1233015542","1","2020-12-18","ok","corn_factors_weekly"
"2020-12-25","2020-W52","weekly","corn","market_activity","0.0922302827","1","2020-12-25","ok","corn_factors_weekly"
"2020-12-31","2020-W53","weekly","corn","market_activity","0.0423295545","1","2020-12-31","ok","corn_factors_weekly"
"2021-01-08","2021-W01","weekly","corn","market_activity","0.1031175253","1","2021-01-08","ok","corn_factors_weekly"
"2021-01-15","2021-W02","weekly","corn","market_activity","0.3001453742","1","2021-01-15","ok","corn_factors_weekly"
"2021-01-22","2021-W03","weekly","corn","market_activity","-0.0188847483","1","2021-01-22","ok","corn_factors_weekly"
"2021-01-29","2021-W04","weekly","corn","market_activity","-0.0066810709","1","2021-01-29","ok","corn_factors_weekly"
"2021-02-05","2021-W05","weekly","corn","market_activity","-0.1977903382","1","2021-02-05","ok","corn_factors_weekly"
"2021-02-10","2021-W06","weekly","corn","market_activity","-0.5856371354","1","2021-02-10","ok","corn_factors_weekly"
"2021-02-19","2021-W07","weekly","corn","market_activity","-0.5596145765","1","2021-02-19","ok","corn_factors_weekly"
"2021-02-26","2021-W08","weekly","corn","market_activity","0.3969485368","1","2021-02-26","ok","corn_factors_weekly"
"2021-03-05","2021-W09","weekly","corn","market_activity","-0.4294112138","1","2021-03-05","ok","corn_factors_weekly"
"2021-03-12","2021-W10","weekly","corn","market_activity","-0.2747592046","1","2021-03-12","ok","corn_factors_weekly"
"2021-03-19","2021-W11","weekly","corn","market_activity","-0.6653572959","1","2021-03-19","ok","corn_factors_weekly"
"2021-03-26","2021-W12","weekly","corn","market_activity","-0.8801496424","1","2021-03-26","ok","corn_factors_weekly"
"2021-04-02","2021-W13","weekly","corn","market_activity","-0.3914083724","1","2021-04-02","ok","corn_factors_weekly"
"2021-04-09","2021-W14","weekly","corn","market_activity","-1.5666354081","1","2021-04-09","ok","corn_factors_weekly"
"2021-04-16","2021-W15","weekly","corn","market_activity","0.5068003789","1","2021-04-16","ok","corn_factors_weekly"
"2021-04-23","2021-W16","weekly","corn","market_activity","-0.0817668848","1","2021-04-23","ok","corn_factors_weekly"
"2021-04-30","2021-W17","weekly","corn","market_activity","-0.4924794956","1","2021-04-30","ok","corn_factors_weekly"
"2021-05-07","2021-W18","weekly","corn","market_activity","-0.701522666","1","2021-05-07","ok","corn_factors_weekly"
"2021-05-14","2021-W19","weekly","corn","market_activity","-0.113702147","1","2021-05-14","ok","corn_factors_weekly"
"2021-05-21","2021-W20","weekly","corn","market_activity","-0.5044312431","1","2021-05-21","ok","corn_factors_weekly"
"2021-05-28","2021-W21","weekly","corn","market_activity","-0.1175193276","1","2021-05-28","ok","corn_factors_weekly"
"2021-06-04","2021-W22","weekly","corn","market_activity","-0.5919463281","1","2021-06-04","ok","corn_factors_weekly"
"2021-06-11","2021-W23","weekly","corn","market_activity","-0.340125784","1","2021-06-11","ok","corn_factors_weekly"
"2021-06-18","2021-W24","weekly","corn","market_activity","-0.4305132905","1","2021-06-18","ok","corn_factors_weekly"
"2021-06-25","2021-W25","weekly","corn","market_activity","-0.2839467333","1","2021-06-25","ok","corn_factors_weekly"
"2021-07-02","2021-W26","weekly","corn","market_activity","-0.5644447653","1","2021-07-02","ok","corn_factors_weekly"
"2021-07-09","2021-W27","weekly","corn","market_activity","-0.0382497066","1","2021-07-09","ok","corn_factors_weekly"
"2021-07-16","2021-W28","weekly","corn","market_activity","-0.3814309566","1","2021-07-16","ok","corn_factors_weekly"
"2021-07-23","2021-W29","weekly","corn","market_activity","-0.1189990087","1","2021-07-23","ok","corn_factors_weekly"
"2021-07-30","2021-W30","weekly","corn","market_activity","-0.8759533287","1","2021-07-30","ok","corn_factors_weekly"
"2021-08-06","2021-W31","weekly","corn","market_activity","-0.8656280226","1","2021-08-06","ok","corn_factors_weekly"
"2021-08-13","2021-W32","weekly","corn","market_activity","-1.4074574075","1","2021-08-13","ok","corn_factors_weekly"
"2021-08-20","2021-W33","weekly","corn","market_activity","2.1802126233","1","2021-08-20","ok","corn_factors_weekly"
"2021-08-27","2021-W34","weekly","corn","market_activity","-0.0887761629","1","2021-08-27","ok","corn_factors_weekly"
"2021-09-03","2021-W35","weekly","corn","market_activity","-0.1416323251","1","2021-09-03","ok","corn_factors_weekly"
"2021-09-10","2021-W36","weekly","corn","market_activity","0.2237920618","1","2021-09-10","ok","corn_factors_weekly"
"2021-09-17","2021-W37","weekly","corn","market_activity","0.2720534194","1","2021-09-17","ok","corn_factors_weekly"
"2021-09-24","2021-W38","weekly","corn","market_activity","-0.4451723173","1","2021-09-24","ok","corn_factors_weekly"
"2021-09-30","2021-W39","weekly","corn","market_activity","-0.3571068581","1","2021-09-30","ok","corn_factors_weekly"
"2021-10-08","2021-W40","weekly","corn","market_activity","-1.0646498868","1","2021-10-08","ok","corn_factors_weekly"
"2021-10-15","2021-W41","weekly","corn","market_activity","1.476436643","1","2021-10-15","ok","corn_factors_weekly"
"2021-10-22","2021-W42","weekly","corn","market_activity","-0.1962097911","1","2021-10-22","ok","corn_factors_weekly"
"2021-10-29","2021-W43","weekly","corn","market_activity","-0.0888390458","1","2021-10-29","ok","corn_factors_weekly"
"2021-11-05","2021-W44","weekly","corn","market_activity","-0.1348868404","1","2021-11-05","ok","corn_factors_weekly"
"2021-11-12","2021-W45","weekly","corn","market_activity","-0.2146501824","1","2021-11-12","ok","corn_factors_weekly"
"2021-11-19","2021-W46","weekly","corn","market_activity","-0.3293285026","1","2021-11-19","ok","corn_factors_weekly"
"2021-11-26","2021-W47","weekly","corn","market_activity","-0.583022995","1","2021-11-26","ok","corn_factors_weekly"
"2021-12-03","2021-W48","weekly","corn","market_activity","-0.9823371106","1","2021-12-03","ok","corn_factors_weekly"
"2021-12-10","2021-W49","weekly","corn","market_activity","0.8957872523","1","2021-12-10","ok","corn_factors_weekly"
"2021-12-17","2021-W50","weekly","corn","market_activity","0.2771230119","1","2021-12-17","ok","corn_factors_weekly"
"2021-12-24","2021-W51","weekly","corn","market_activity","-0.1590901713","1","2021-12-24","ok","corn_factors_weekly"
"2021-12-31","2021-W52","weekly","corn","market_activity","-0.0356491847","1","2021-12-31","ok","corn_factors_weekly"
"2022-01-07","2022-W01","weekly","corn","market_activity","-0.2103100263","1","2022-01-07","ok","corn_factors_weekly"
"2022-01-14","2022-W02","weekly","corn","market_activity","0.1119057993","1","2022-01-14","ok","corn_factors_weekly"
"2022-01-21","2022-W03","weekly","corn","market_activity","0.1509561211","1","2022-01-21","ok","corn_factors_weekly"
"2022-01-28","2022-W04","weekly","corn","market_activity","-0.0724838612","1","2022-01-28","ok","corn_factors_weekly"
"2022-02-11","2022-W06","weekly","corn","market_activity","0.1264995728","1","2022-02-11","ok","corn_factors_weekly"
"2022-02-18","2022-W07","weekly","corn","market_activity","-0.1651748707","1","2022-02-18","ok","corn_factors_weekly"
"2022-02-25","2022-W08","weekly","corn","market_activity","0.5618553665","1","2022-02-25","ok","corn_factors_weekly"
"2022-03-04","2022-W09","weekly","corn","market_activity","0.2280815445","1","2022-03-04","ok","corn_factors_weekly"
"2022-03-11","2022-W10","weekly","corn","market_activity","-0.2952242469","1","2022-03-11","ok","corn_factors_weekly"
"2022-03-18","2022-W11","weekly","corn","market_activity","-0.3489725461","1","2022-03-18","ok","corn_factors_weekly"
"2022-03-25","2022-W12","weekly","corn","market_activity","-0.3625885343","1","2022-03-25","ok","corn_factors_weekly"
"2022-04-01","2022-W13","weekly","corn","market_activity","-0.8687692255","1","2022-04-01","ok","corn_factors_weekly"
"2022-04-08","2022-W14","weekly","corn","market_activity","-0.2112537956","1","2022-04-08","ok","corn_factors_weekly"
"2022-04-15","2022-W15","weekly","corn","market_activity","0.3513309023","1","2022-04-15","ok","corn_factors_weekly"
"2022-04-22","2022-W16","weekly","corn","market_activity","0.2263429638","1","2022-04-22","ok","corn_factors_weekly"
"2022-04-29","2022-W17","weekly","corn","market_activity","0.3135426235","1","2022-04-29","ok","corn_factors_weekly"
"2022-05-06","2022-W18","weekly","corn","market_activity","-0.6416163774","1","2022-05-06","ok","corn_factors_weekly"
"2022-05-13","2022-W19","weekly","corn","market_activity","0.3004216098","1","2022-05-13","ok","corn_factors_weekly"
"2022-05-20","2022-W20","weekly","corn","market_activity","-0.0291455786","1","2022-05-20","ok","corn_factors_weekly"
"2022-05-27","2022-W21","weekly","corn","market_activity","0.0774674368","1","2022-05-27","ok","corn_factors_weekly"
"2022-06-02","2022-W22","weekly","corn","market_activity","0.0387622124","1","2022-06-02","ok","corn_factors_weekly"
"2022-06-10","2022-W23","weekly","corn","market_activity","-0.0008761221","1","2022-06-10","ok","corn_factors_weekly"
"2022-06-17","2022-W24","weekly","corn","market_activity","-0.12030159","1","2022-06-17","ok","corn_factors_weekly"
"2022-06-24","2022-W25","weekly","corn","market_activity","0.0185437566","1","2022-06-24","ok","corn_factors_weekly"
"2022-07-01","2022-W26","weekly","corn","market_activity","-0.1489429081","1","2022-07-01","ok","corn_factors_weekly"
"2022-07-08","2022-W27","weekly","corn","market_activity","-0.1425171184","1","2022-07-08","ok","corn_factors_weekly"
"2022-07-15","2022-W28","weekly","corn","market_activity","-0.3927799619","1","2022-07-15","ok","corn_factors_weekly"
"2022-07-22","2022-W29","weekly","corn","market_activity","-0.3338167922","1","2022-07-22","ok","corn_factors_weekly"
"2022-07-29","2022-W30","weekly","corn","market_activity","-0.725587753","1","2022-07-29","ok","corn_factors_weekly"
"2022-08-05","2022-W31","weekly","corn","market_activity","-1.0859797607","1","2022-08-05","ok","corn_factors_weekly"
"2022-08-12","2022-W32","weekly","corn","market_activity","-0.2265729116","1","2022-08-12","ok","corn_factors_weekly"
"2022-08-19","2022-W33","weekly","corn","market_activity","-0.125699407","1","2022-08-19","ok","corn_factors_weekly"
"2022-08-26","2022-W34","weekly","corn","market_activity","-0.2775652321","1","2022-08-26","ok","corn_factors_weekly"
"2022-09-02","2022-W35","weekly","corn","market_activity","-0.2383677409","1","2022-09-02","ok","corn_factors_weekly"
"2022-09-09","2022-W36","weekly","corn","market_activity","-0.325293722","1","2022-09-09","ok","corn_factors_weekly"
"2022-09-16","2022-W37","weekly","corn","market_activity","-0.7942664466","1","2022-09-16","ok","corn_factors_weekly"
"2022-09-23","2022-W38","weekly","corn","market_activity","-0.3569469256","1","2022-09-23","ok","corn_factors_weekly"
"2022-09-30","2022-W39","weekly","corn","market_activity","-0.3007272657","1","2022-09-30","ok","corn_factors_weekly"
"2022-10-14","2022-W41","weekly","corn","market_activity","-0.6448308997","1","2022-10-14","ok","corn_factors_weekly"
"2022-10-21","2022-W42","weekly","corn","market_activity","-0.4967096532","1","2022-10-21","ok","corn_factors_weekly"
"2022-10-28","2022-W43","weekly","corn","market_activity","-0.4496101573","1","2022-10-28","ok","corn_factors_weekly"
"2022-11-04","2022-W44","weekly","corn","market_activity","-0.3951946442","1","2022-11-04","ok","corn_factors_weekly"
"2022-11-11","2022-W45","weekly","corn","market_activity","-0.6942499925","1","2022-11-11","ok","corn_factors_weekly"
"2022-11-18","2022-W46","weekly","corn","market_activity","-0.3528796265","1","2022-11-18","ok","corn_factors_weekly"
"2022-11-25","2022-W47","weekly","corn","market_activity","-1.015446347","1","2022-11-25","ok","corn_factors_weekly"
"2022-12-02","2022-W48","weekly","corn","market_activity","-1.4580052768","1","2022-12-02","ok","corn_factors_weekly"
"2022-12-09","2022-W49","weekly","corn","market_activity","1.1105072179","1","2022-12-09","ok","corn_factors_weekly"
"2022-12-16","2022-W50","weekly","corn","market_activity","-0.3359281919","1","2022-12-16","ok","corn_factors_weekly"
"2022-12-23","2022-W51","weekly","corn","market_activity","-0.3433673401","1","2022-12-23","ok","corn_factors_weekly"
"2022-12-30","2022-W52","weekly","corn","market_activity","-0.5401753024","1","2022-12-30","ok","corn_factors_weekly"
"2023-01-06","2023-W01","weekly","corn","market_activity","-0.4164135108","1","2023-01-06","ok","corn_factors_weekly"
"2023-01-13","2023-W02","weekly","corn","market_activity","-0.2895818397","1","2023-01-13","ok","corn_factors_weekly"
"2023-01-20","2023-W03","weekly","corn","market_activity","-0.7363479036","1","2023-01-20","ok","corn_factors_weekly"
"2023-02-03","2023-W05","weekly","corn","market_activity","-1.3753024168","1","2023-02-03","ok","corn_factors_weekly"
"2023-02-10","2023-W06","weekly","corn","market_activity","-2.1134791264","1","2023-02-10","ok","corn_factors_weekly"
"2023-02-17","2023-W07","weekly","corn","market_activity","3.3881511337","1","2023-02-17","ok","corn_factors_weekly"
"2023-02-24","2023-W08","weekly","corn","market_activity","-0.6165241207","1","2023-02-24","ok","corn_factors_weekly"
"2023-03-03","2023-W09","weekly","corn","market_activity","-0.6482942167","1","2023-03-03","ok","corn_factors_weekly"
"2023-03-10","2023-W10","weekly","corn","market_activity","-0.6112592307","1","2023-03-10","ok","corn_factors_weekly"
"2023-03-17","2023-W11","weekly","corn","market_activity","-0.6315695263","1","2023-03-17","ok","corn_factors_weekly"
"2023-03-24","2023-W12","weekly","corn","market_activity","0.2879055296","1","2023-03-24","ok","corn_factors_weekly"
"2023-03-31","2023-W13","weekly","corn","market_activity","-0.1160407885","1","2023-03-31","ok","corn_factors_weekly"
"2023-04-07","2023-W14","weekly","corn","market_activity","-0.2919608628","1","2023-04-07","ok","corn_factors_weekly"
"2023-04-14","2023-W15","weekly","corn","market_activity","-0.1688514549","1","2023-04-14","ok","corn_factors_weekly"
"2023-04-21","2023-W16","weekly","corn","market_activity","0.0771492418","1","2023-04-21","ok","corn_factors_weekly"
"2023-04-28","2023-W17","weekly","corn","market_activity","-0.0434376091","1","2023-04-28","ok","corn_factors_weekly"
"2023-05-05","2023-W18","weekly","corn","market_activity","-0.7818459363","1","2023-05-05","ok","corn_factors_weekly"
"2023-05-12","2023-W19","weekly","corn","market_activity","0.3337618036","1","2023-05-12","ok","corn_factors_weekly"
"2023-05-19","2023-W20","weekly","corn","market_activity","-0.3550218346","1","2023-05-19","ok","corn_factors_weekly"
"2023-05-26","2023-W21","weekly","corn","market_activity","-0.2819515708","1","2023-05-26","ok","corn_factors_weekly"
"2023-06-02","2023-W22","weekly","corn","market_activity","-0.5926208051","1","2023-06-02","ok","corn_factors_weekly"
"2023-06-09","2023-W23","weekly","corn","market_activity","-0.9465189883","1","2023-06-09","ok","corn_factors_weekly"
"2023-06-16","2023-W24","weekly","corn","market_activity","0.5907462921","1","2023-06-16","ok","corn_factors_weekly"
"2023-06-21","2023-W25","weekly","corn","market_activity","-0.4584327501","1","2023-06-21","ok","corn_factors_weekly"
"2023-06-30","2023-W26","weekly","corn","market_activity","0.0642912275","1","2023-06-30","ok","corn_factors_weekly"
"2023-07-07","2023-W27","weekly","corn","market_activity","-0.0148883265","1","2023-07-07","ok","corn_factors_weekly"
"2023-07-14","2023-W28","weekly","corn","market_activity","-0.3506077203","1","2023-07-14","ok","corn_factors_weekly"
"2023-07-21","2023-W29","weekly","corn","market_activity","-0.3132595428","1","2023-07-21","ok","corn_factors_weekly"
"2023-07-28","2023-W30","weekly","corn","market_activity","-0.6930936657","1","2023-07-28","ok","corn_factors_weekly"
"2023-08-04","2023-W31","weekly","corn","market_activity","-0.4958281026","1","2023-08-04","ok","corn_factors_weekly"
"2023-08-11","2023-W32","weekly","corn","market_activity","-0.0347542711","1","2023-08-11","ok","corn_factors_weekly"
"2023-08-18","2023-W33","weekly","corn","market_activity","0.0089118156","1","2023-08-18","ok","corn_factors_weekly"
"2023-08-25","2023-W34","weekly","corn","market_activity","-0.1162885863","1","2023-08-25","ok","corn_factors_weekly"
"2023-09-01","2023-W35","weekly","corn","market_activity","-0.1918369042","1","2023-09-01","ok","corn_factors_weekly"
"2023-09-08","2023-W36","weekly","corn","market_activity","-0.607998952","1","2023-09-08","ok","corn_factors_weekly"
"2023-09-15","2023-W37","weekly","corn","market_activity","-0.6487521333","1","2023-09-15","ok","corn_factors_weekly"
"2023-09-22","2023-W38","weekly","corn","market_activity","-0.931635368","1","2023-09-22","ok","corn_factors_weekly"
"2023-09-28","2023-W39","weekly","corn","market_activity","-1.4980744538","1","2023-09-28","ok","corn_factors_weekly"
"2023-10-13","2023-W41","weekly","corn","market_activity","1.3359483963","1","2023-10-13","ok","corn_factors_weekly"
"2023-10-20","2023-W42","weekly","corn","market_activity","0.095886162","1","2023-10-20","ok","corn_factors_weekly"
"2023-10-27","2023-W43","weekly","corn","market_activity","-0.2183255159","1","2023-10-27","ok","corn_factors_weekly"
"2023-11-03","2023-W44","weekly","corn","market_activity","-0.3950630721","1","2023-11-03","ok","corn_factors_weekly"
"2023-11-10","2023-W45","weekly","corn","market_activity","-0.2547657885","1","2023-11-10","ok","corn_factors_weekly"
"2023-11-17","2023-W46","weekly","corn","market_activity","-0.4407929063","1","2023-11-17","ok","corn_factors_weekly"
"2023-11-24","2023-W47","weekly","corn","market_activity","-0.4430334486","1","2023-11-24","ok","corn_factors_weekly"
"2023-12-01","2023-W48","weekly","corn","market_activity","-0.6398019335","1","2023-12-01","ok","corn_factors_weekly"
"2023-12-08","2023-W49","weekly","corn","market_activity","-1.1079828357","1","2023-12-08","ok","corn_factors_weekly"
"2023-12-15","2023-W50","weekly","corn","market_activity","-1.4756944562","1","2023-12-15","ok","corn_factors_weekly"
"2023-12-22","2023-W51","weekly","corn","market_activity","1.7767729578","1","2023-12-22","ok","corn_factors_weekly"
"2023-12-29","2023-W52","weekly","corn","market_activity","-0.2882371588","1","2023-12-29","ok","corn_factors_weekly"
"2024-01-05","2024-W01","weekly","corn","market_activity","-0.4964343617","1","2024-01-05","ok","corn_factors_weekly"
"2024-01-12","2024-W02","weekly","corn","market_activity","0.1738933424","1","2024-01-12","ok","corn_factors_weekly"
"2024-01-19","2024-W03","weekly","corn","market_activity","0.1010544027","1","2024-01-19","ok","corn_factors_weekly"
"2024-01-26","2024-W04","weekly","corn","market_activity","0.081239588","1","2024-01-26","ok","corn_factors_weekly"
"2024-02-02","2024-W05","weekly","corn","market_activity","-0.116371834","1","2024-02-02","ok","corn_factors_weekly"
"2024-02-08","2024-W06","weekly","corn","market_activity","-0.4840892107","1","2024-02-08","ok","corn_factors_weekly"
"2024-02-23","2024-W08","weekly","corn","market_activity","0.4501678828","1","2024-02-23","ok","corn_factors_weekly"
"2024-03-01","2024-W09","weekly","corn","market_activity","-0.0566569792","1","2024-03-01","ok","corn_factors_weekly"
"2024-03-08","2024-W10","weekly","corn","market_activity","-0.1436890171","1","2024-03-08","ok","corn_factors_weekly"
"2024-03-15","2024-W11","weekly","corn","market_activity","-0.0005261568","1","2024-03-15","ok","corn_factors_weekly"
"2024-03-22","2024-W12","weekly","corn","market_activity","0.003575378","1","2024-03-22","ok","corn_factors_weekly"
"2024-03-29","2024-W13","weekly","corn","market_activity","-0.3159043592","1","2024-03-29","ok","corn_factors_weekly"
"2024-04-03","2024-W14","weekly","corn","market_activity","-0.8482745791","1","2024-04-03","ok","corn_factors_weekly"
"2024-04-12","2024-W15","weekly","corn","market_activity","-0.6136395512","1","2024-04-12","ok","corn_factors_weekly"
"2024-04-19","2024-W16","weekly","corn","market_activity","-0.2176393409","1","2024-04-19","ok","corn_factors_weekly"
"2024-04-26","2024-W17","weekly","corn","market_activity","-0.0215618585","1","2024-04-26","ok","corn_factors_weekly"
"2024-04-30","2024-W18","weekly","corn","market_activity","-0.9174969883","1","2024-04-30","ok","corn_factors_weekly"
"2024-05-10","2024-W19","weekly","corn","market_activity","0.3625482087","1","2024-05-10","ok","corn_factors_weekly"
"2024-05-17","2024-W20","weekly","corn","market_activity","-0.4485068827","1","2024-05-17","ok","corn_factors_weekly"
"2024-05-24","2024-W21","weekly","corn","market_activity","-0.4806287531","1","2024-05-24","ok","corn_factors_weekly"
"2024-05-31","2024-W22","weekly","corn","market_activity","-0.956846055","1","2024-05-31","ok","corn_factors_weekly"
"2024-06-07","2024-W23","weekly","corn","market_activity","-0.053531983","1","2024-06-07","ok","corn_factors_weekly"
"2024-06-14","2024-W24","weekly","corn","market_activity","-0.3748516577","1","2024-06-14","ok","corn_factors_weekly"
"2024-06-21","2024-W25","weekly","corn","market_activity","-0.1223065423","1","2024-06-21","ok","corn_factors_weekly"
"2024-06-28","2024-W26","weekly","corn","market_activity","0.0985713342","1","2024-06-28","ok","corn_factors_weekly"
"2024-07-05","2024-W27","weekly","corn","market_activity","-0.4465183079","1","2024-07-05","ok","corn_factors_weekly"
"2024-07-12","2024-W28","weekly","corn","market_activity","0.0157265486","1","2024-07-12","ok","corn_factors_weekly"
"2024-07-19","2024-W29","weekly","corn","market_activity","-0.2228927274","1","2024-07-19","ok","corn_factors_weekly"
"2024-07-26","2024-W30","weekly","corn","market_activity","-0.2675977081","1","2024-07-26","ok","corn_factors_weekly"
"2024-08-02","2024-W31","weekly","corn","market_activity","-0.3888566173","1","2024-08-02","ok","corn_factors_weekly"
"2024-08-09","2024-W32","weekly","corn","market_activity","-0.6459798579","1","2024-08-09","ok","corn_factors_weekly"
"2024-08-16","2024-W33","weekly","corn","market_activity","-0.2911667302","1","2024-08-16","ok","corn_factors_weekly"
"2024-08-23","2024-W34","weekly","corn","market_activity","-0.1578836312","1","2024-08-23","ok","corn_factors_weekly"
"2024-08-30","2024-W35","weekly","corn","market_activity","-0.3215826328","1","2024-08-30","ok","corn_factors_weekly"
"2024-09-06","2024-W36","weekly","corn","market_activity","-0.169454308","1","2024-09-06","ok","corn_factors_weekly"
"2024-09-13","2024-W37","weekly","corn","market_activity","-0.3140484515","1","2024-09-13","ok","corn_factors_weekly"
"2024-09-20","2024-W38","weekly","corn","market_activity","-0.6592434768","1","2024-09-20","ok","corn_factors_weekly"
"2024-09-27","2024-W39","weekly","corn","market_activity","-0.2622900691","1","2024-09-27","ok","corn_factors_weekly"
"2024-09-30","2024-W40","weekly","corn","market_activity","-1.7071738792","1","2024-09-30","ok","corn_factors_weekly"
"2024-10-11","2024-W41","weekly","corn","market_activity","0.9103100512","1","2024-10-11","ok","corn_factors_weekly"
"2024-10-18","2024-W42","weekly","corn","market_activity","0.2432645346","1","2024-10-18","ok","corn_factors_weekly"
"2024-10-25","2024-W43","weekly","corn","market_activity","0.2191910943","1","2024-10-25","ok","corn_factors_weekly"
"2024-11-01","2024-W44","weekly","corn","market_activity","-0.0650365375","1","2024-11-01","ok","corn_factors_weekly"
"2024-11-08","2024-W45","weekly","corn","market_activity","0.202050475","1","2024-11-08","ok","corn_factors_weekly"
"2024-11-15","2024-W46","weekly","corn","market_activity","-0.0784872179","1","2024-11-15","ok","corn_factors_weekly"
"2024-11-22","2024-W47","weekly","corn","market_activity","-0.1186438774","1","2024-11-22","ok","corn_factors_weekly"
"2024-11-29","2024-W48","weekly","corn","market_activity","0.0513117583","1","2024-11-29","ok","corn_factors_weekly"
"2024-12-06","2024-W49","weekly","corn","market_activity","0.0894818225","1","2024-12-06","ok","corn_factors_weekly"
"2024-12-13","2024-W50","weekly","corn","market_activity","-0.8654068274","1","2024-12-13","ok","corn_factors_weekly"
"2024-12-20","2024-W51","weekly","corn","market_activity","1.0796449338","1","2024-12-20","ok","corn_factors_weekly"
"2024-12-27","2024-W52","weekly","corn","market_activity","0.3858076485","1","2024-12-27","ok","corn_factors_weekly"
"2025-01-03","2025-W01","weekly","corn","market_activity","-0.0240415633","1","2025-01-03","ok","corn_factors_weekly"
"2025-01-10","2025-W02","weekly","corn","market_activity","0.4882404448","1","2025-01-10","ok","corn_factors_weekly"
"2025-01-17","2025-W03","weekly","corn","market_activity","0.3753399264","1","2025-01-17","ok","corn_factors_weekly"
"2025-01-24","2025-W04","weekly","corn","market_activity","0.1893478643","1","2025-01-24","ok","corn_factors_weekly"
"2025-01-27","2025-W05","weekly","corn","market_activity","-0.9922748246","1","2025-01-27","ok","corn_factors_weekly"
"2025-02-07","2025-W06","weekly","corn","market_activity","0.9153317575","1","2025-02-07","ok","corn_factors_weekly"
"2025-02-14","2025-W07","weekly","corn","market_activity","0.4477466837","1","2025-02-14","ok","corn_factors_weekly"
"2025-02-21","2025-W08","weekly","corn","market_activity","0.433379164","1","2025-02-21","ok","corn_factors_weekly"
"2025-02-28","2025-W09","weekly","corn","market_activity","0.4736364252","1","2025-02-28","ok","corn_factors_weekly"
"2025-03-07","2025-W10","weekly","corn","market_activity","0.4340448006","1","2025-03-07","ok","corn_factors_weekly"
"2025-03-14","2025-W11","weekly","corn","market_activity","0.2250779279","1","2025-03-14","ok","corn_factors_weekly"
"2025-03-21","2025-W12","weekly","corn","market_activity","0.1392120035","1","2025-03-21","ok","corn_factors_weekly"
"2025-03-28","2025-W13","weekly","corn","market_activity","-0.066049083","1","2025-03-28","ok","corn_factors_weekly"
"2025-04-03","2025-W14","weekly","corn","market_activity","-0.3472542529","1","2025-04-03","ok","corn_factors_weekly"
"2025-04-11","2025-W15","weekly","corn","market_activity","-0.0184396595","1","2025-04-11","ok","corn_factors_weekly"
"2025-04-18","2025-W16","weekly","corn","market_activity","0.4787659099","1","2025-04-18","ok","corn_factors_weekly"
"2025-04-25","2025-W17","weekly","corn","market_activity","0.5650133845","1","2025-04-25","ok","corn_factors_weekly"
"2025-04-30","2025-W18","weekly","corn","market_activity","0.2712133655","1","2025-04-30","ok","corn_factors_weekly"
"2025-05-09","2025-W19","weekly","corn","market_activity","0.3331069016","1","2025-05-09","ok","corn_factors_weekly"
"2025-05-16","2025-W20","weekly","corn","market_activity","0.2840715642","1","2025-05-16","ok","corn_factors_weekly"
"2025-05-23","2025-W21","weekly","corn","market_activity","0.1519324623","1","2025-05-23","ok","corn_factors_weekly"
"2025-05-30","2025-W22","weekly","corn","market_activity","-0.1451879332","1","2025-05-30","ok","corn_factors_weekly"
"2025-06-06","2025-W23","weekly","corn","market_activity","-0.4079453461","1","2025-06-06","ok","corn_factors_weekly"
"2025-06-13","2025-W24","weekly","corn","market_activity","-0.3057823243","1","2025-06-13","ok","corn_factors_weekly"
"2025-06-20","2025-W25","weekly","corn","market_activity","0.1832516308","1","2025-06-20","ok","corn_factors_weekly"
"2025-06-27","2025-W26","weekly","corn","market_activity","0.1792332039","1","2025-06-27","ok","corn_factors_weekly"
"2025-07-04","2025-W27","weekly","corn","market_activity","-0.015318076","1","2025-07-04","ok","corn_factors_weekly"
"2025-07-11","2025-W28","weekly","corn","market_activity","0.1927946451","1","2025-07-11","ok","corn_factors_weekly"
"2025-07-18","2025-W29","weekly","corn","market_activity","0.1806419217","1","2025-07-18","ok","corn_factors_weekly"
"2025-07-25","2025-W30","weekly","corn","market_activity","-0.2317137402","1","2025-07-25","ok","corn_factors_weekly"
"2025-08-01","2025-W31","weekly","corn","market_activity","-0.2036343103","1","2025-08-01","ok","corn_factors_weekly"
"2025-08-08","2025-W32","weekly","corn","market_activity","-0.4280307615","1","2025-08-08","ok","corn_factors_weekly"
"2025-08-15","2025-W33","weekly","corn","market_activity","-0.0883635567","1","2025-08-15","ok","corn_factors_weekly"
"2025-08-22","2025-W34","weekly","corn","market_activity","0.1946606015","1","2025-08-22","ok","corn_factors_weekly"
"2025-08-29","2025-W35","weekly","corn","market_activity","0.1160622116","1","2025-08-29","ok","corn_factors_weekly"
"2025-09-05","2025-W36","weekly","corn","market_activity","-0.0794589808","1","2025-09-05","ok","corn_factors_weekly"
"2025-09-12","2025-W37","weekly","corn","market_activity","-0.1745961814","1","2025-09-12","ok","corn_factors_weekly"
"2025-09-19","2025-W38","weekly","corn","market_activity","-0.1902542572","1","2025-09-19","ok","corn_factors_weekly"
"2025-09-26","2025-W39","weekly","corn","market_activity","-0.2318485044","1","2025-09-26","ok","corn_factors_weekly"
"2025-09-30","2025-W40","weekly","corn","market_activity","-1.0044147459","1","2025-09-30","ok","corn_factors_weekly"
"2025-10-10","2025-W41","weekly","corn","market_activity","-0.9723650282","1","2025-10-10","ok","corn_factors_weekly"
"2025-10-17","2025-W42","weekly","corn","market_activity","0.5953883067","1","2025-10-17","ok","corn_factors_weekly"
"2025-10-24","2025-W43","weekly","corn","market_activity","0.2603756224","1","2025-10-24","ok","corn_factors_weekly"
"2025-10-31","2025-W44","weekly","corn","market_activity","0.0684012375","1","2025-10-31","ok","corn_factors_weekly"
"2025-11-07","2025-W45","weekly","corn","market_activity","0.0843535283","1","2025-11-07","ok","corn_factors_weekly"
"2025-11-14","2025-W46","weekly","corn","market_activity","0.0627416098","1","2025-11-14","ok","corn_factors_weekly"
"2025-11-21","2025-W47","weekly","corn","market_activity","0.074515975","1","2025-11-21","ok","corn_factors_weekly"
"2025-11-28","2025-W48","weekly","corn","market_activity","0.4092066487","1","2025-11-28","ok","corn_factors_weekly"
"2025-12-05","2025-W49","weekly","corn","market_activity","0.1361039999","1","2025-12-05","ok","corn_factors_weekly"
"2025-12-12","2025-W50","weekly","corn","market_activity","0.0354346908","1","2025-12-12","ok","corn_factors_weekly"
"2025-12-19","2025-W51","weekly","corn","market_activity","-0.0326837704","1","2025-12-19","ok","corn_factors_weekly"
"2025-12-26","2025-W52","weekly","corn","market_activity","0.0709288208","1","2025-12-26","ok","corn_factors_weekly"
"2025-12-31","2026-W01","weekly","corn","market_activity","-0.1068491779","1","2025-12-31","ok","corn_factors_weekly"
"2026-01-09","2026-W02","weekly","corn","market_activity","0.3522045763","1","2026-01-09","ok","corn_factors_weekly"
"2026-01-16","2026-W03","weekly","corn","market_activity","0.1374329942","1","2026-01-16","ok","corn_factors_weekly"
"2026-01-23","2026-W04","weekly","corn","market_activity","0.1052898384","1","2026-01-23","ok","corn_factors_weekly"
"2026-01-30","2026-W05","weekly","corn","market_activity","-0.1655562524","1","2026-01-30","ok","corn_factors_weekly"
"2026-02-06","2026-W06","weekly","corn","market_activity","-0.3741881242","1","2026-02-06","ok","corn_factors_weekly"
"2026-02-13","2026-W07","weekly","corn","market_activity","0.8349639391","1","2026-02-13","ok","corn_factors_weekly"
"2026-02-27","2026-W09","weekly","corn","market_activity","0.4108744706","1","2026-02-27","ok","corn_factors_weekly"
"2026-03-06","2026-W10","weekly","corn","market_activity","0.6982660446","1","2026-03-06","ok","corn_factors_weekly"
"2026-03-13","2026-W11","weekly","corn","market_activity","0.6046404789","1","2026-03-13","ok","corn_factors_weekly"
"2026-03-20","2026-W12","weekly","corn","market_activity","0.2611345357","1","2026-03-20","ok","corn_factors_weekly"
"2026-03-27","2026-W13","weekly","corn","market_activity","0.2234754963","1","2026-03-27","ok","corn_factors_weekly"
"2026-04-03","2026-W14","weekly","corn","market_activity","-0.2580705847","1","2026-04-03","ok","corn_factors_weekly"
"2026-04-10","2026-W15","weekly","corn","market_activity","-0.4746577007","1","2026-04-10","ok","corn_factors_weekly"
"2026-04-17","2026-W16","weekly","corn","market_activity","0.626154623","1","2026-04-17","ok","corn_factors_weekly"
"2026-04-24","2026-W17","weekly","corn","market_activity","1.0424889806","1","2026-04-24","ok","corn_factors_weekly"
"2026-04-30","2026-W18","weekly","corn","market_activity","0.0235178556","1","2026-04-30","ok","corn_factors_weekly"
"2026-05-08","2026-W19","weekly","corn","market_activity","0.2005097814","1","2026-05-08","ok","corn_factors_weekly"
"2026-05-15","2026-W20","weekly","corn","market_activity","0.29205344","1","2026-05-15","ok","corn_factors_weekly"
"2026-05-22","2026-W21","weekly","corn","market_activity","0.2957387874","1","2026-05-22","ok","corn_factors_weekly"
"2026-05-29","2026-W22","weekly","corn","market_activity","0.2123362134","1","2026-05-29","ok","corn_factors_weekly"
"2026-06-05","2026-W23","weekly","corn","market_activity","0.0251429965","1","2026-06-05","ok","corn_factors_weekly"
"2026-06-12","2026-W24","weekly","corn","market_activity","-0.404044027","1","2026-06-12","ok","corn_factors_weekly"
"2026-06-18","2026-W25","weekly","corn","market_activity","-0.2162096315","1","2026-06-18","ok","corn_factors_weekly"
"2026-06-26","2026-W26","weekly","corn","market_activity","0.4982607747","1","2026-06-26","ok","corn_factors_weekly"
"2016-12-30","2016","yearly","corn","market_activity","0","0.5","2016-12-30","partial_period","corn_factors_yearly"
"2017-12-29","2017","yearly","corn","market_activity","0","1","2017-12-29","ok","corn_factors_yearly"
"2018-12-28","2018","yearly","corn","market_activity","0","1","2018-12-28","ok","corn_factors_yearly"
"2019-12-31","2019","yearly","corn","market_activity","0.126766738","1","2019-12-31","ok","corn_factors_yearly"
"2020-12-31","2020","yearly","corn","market_activity","-0.4508728214","1","2020-12-31","ok","corn_factors_yearly"
"2021-12-31","2021","yearly","corn","market_activity","-0.1844015735","1","2021-12-31","ok","corn_factors_yearly"
"2022-12-30","2022","yearly","corn","market_activity","-1.1730549405","1","2022-12-30","ok","corn_factors_yearly"
"2023-12-29","2023","yearly","corn","market_activity","-0.4875825375","1","2023-12-29","ok","corn_factors_yearly"
"2024-12-31","2024","yearly","corn","market_activity","0.6159398543","1","2024-12-31","ok","corn_factors_yearly"
"2025-12-31","2025","yearly","corn","market_activity","-0.0168347675","1","2025-12-31","ok","corn_factors_yearly"
"2026-06-26","2026","yearly","corn","market_activity","-0.9593576656","1","2026-06-26","partial_period","corn_factors_yearly"
