scope,dataset,model,run_id,catalog_status,source_path,github_target_path,files,bytes,storage,conflict
experiment artifact,corn_factors_daily_v2,catboost,2026-07-21-11-29-40-model-catalog-autodl,PASS,C:\Users\YLHP\Documents\Codex\2026-07-16\https-github-com-z1zddd-corn-price\work\formal-fixed-20260721-pulled\artifacts.tar.gz!/checkpoints/corn_factors_daily_v2/catboost/2026-07-21-11-29-40-model-catalog-autodl,daily corn/checkpoints/corn_factors_daily_v2/catboost/2026-07-21-11-29-40-model-catalog-autodl/,48,38258128,Git LFS (*.joblib),New run ID expected; verify remote immediately before staging
experiment artifact,corn_factors_daily_v2,dlinear,2026-07-20-19-21-00-zzm,SKIPPED_COMPLETED,C:\Users\YLHP\Documents\Codex\2026-07-16\https-github-com-z1zddd-corn-price\work\formal-fixed-20260721-pulled\artifacts.tar.gz!/checkpoints/corn_factors_daily_v2/dlinear/2026-07-20-19-21-00-zzm,daily corn/checkpoints/corn_factors_daily_v2/dlinear/2026-07-20-19-21-00-zzm/,48,3269744,Git LFS (*.joblib),May already exist remotely; skip identical files and abort on differences
experiment artifact,corn_factors_daily_v2,gradient_boosting,2026-07-21-11-29-40-model-catalog-autodl,PASS,C:\Users\YLHP\Documents\Codex\2026-07-16\https-github-com-z1zddd-corn-price\work\formal-fixed-20260721-pulled\artifacts.tar.gz!/checkpoints/corn_factors_daily_v2/gradient_boosting/2026-07-21-11-29-40-model-catalog-autodl,daily corn/checkpoints/corn_factors_daily_v2/gradient_boosting/2026-07-21-11-29-40-model-catalog-autodl/,48,14250080,Git LFS (*.joblib),New run ID expected; verify remote immediately before staging
experiment artifact,corn_factors_daily_v2,itransformer,2026-07-21-12-08-45-model-catalog-autodl,PASS,C:\Users\YLHP\Documents\Codex\2026-07-16\https-github-com-z1zddd-corn-price\work\formal-fixed-20260721-pulled\artifacts.tar.gz!/checkpoints/corn_factors_daily_v2/itransformer/2026-07-21-12-08-45-model-catalog-autodl,daily corn/checkpoints/corn_factors_daily_v2/itransformer/2026-07-21-12-08-45-model-catalog-autodl/,48,5207840,Git LFS (*.joblib),New run ID expected; verify remote immediately before staging
experiment artifact,corn_factors_daily_v2,knn,2026-07-20-16-44-44-model-catalog-autodl,SKIPPED_COMPLETED,C:\Users\YLHP\Documents\Codex\2026-07-16\https-github-com-z1zddd-corn-price\work\formal-fixed-20260721-pulled\artifacts.tar.gz!/checkpoints/corn_factors_daily_v2/knn/2026-07-20-16-44-44-model-catalog-autodl,daily corn/checkpoints/corn_factors_daily_v2/knn/2026-07-20-16-44-44-model-catalog-autodl/,48,419794016,Git LFS (*.joblib),May already exist remotely; skip identical files and abort on differences
experiment artifact,corn_factors_daily_v2,lightgbm,2026-07-21-11-29-40-model-catalog-autodl,PASS,C:\Users\YLHP\Documents\Codex\2026-07-16\https-github-com-z1zddd-corn-price\work\formal-fixed-20260721-pulled\artifacts.tar.gz!/checkpoints/corn_factors_daily_v2/lightgbm/2026-07-21-11-29-40-model-catalog-autodl,daily corn/checkpoints/corn_factors_daily_v2/lightgbm/2026-07-21-11-29-40-model-catalog-autodl/,48,88971456,Git LFS (*.joblib),New run ID expected; verify remote immediately before staging
experiment artifact,corn_factors_daily_v2,lnn,2026-07-21-11-41-08-model-catalog-autodl,PASS,C:\Users\YLHP\Documents\Codex\2026-07-16\https-github-com-z1zddd-corn-price\work\formal-fixed-20260721-pulled\artifacts.tar.gz!/checkpoints/corn_factors_daily_v2/lnn/2026-07-21-11-41-08-model-catalog-autodl,daily corn/checkpoints/corn_factors_daily_v2/lnn/2026-07-21-11-41-08-model-catalog-autodl/,48,4526048,Git LFS (*.joblib),New run ID expected; verify remote immediately before staging
experiment artifact,corn_factors_daily_v2,lstm,2026-07-20-16-33-41-model-catalog-autodl,SKIPPED_COMPLETED,C:\Users\YLHP\Documents\Codex\2026-07-16\https-github-com-z1zddd-corn-price\work\formal-fixed-20260721-pulled\artifacts.tar.gz!/checkpoints/corn_factors_daily_v2/lstm/2026-07-20-16-33-41-model-catalog-autodl,daily corn/checkpoints/corn_factors_daily_v2/lstm/2026-07-20-16-33-41-model-catalog-autodl/,48,28652394,Git LFS (*.joblib),May already exist remotely; skip identical files and abort on differences
experiment artifact,corn_factors_daily_v2,mafs,2026-07-21-11-59-31-model-catalog-autodl,PASS,C:\Users\YLHP\Documents\Codex\2026-07-16\https-github-com-z1zddd-corn-price\work\formal-fixed-20260721-pulled\artifacts.tar.gz!/checkpoints/corn_factors_daily_v2/mafs/2026-07-21-11-59-31-model-catalog-autodl,daily corn/checkpoints/corn_factors_daily_v2/mafs/2026-07-21-11-59-31-model-catalog-autodl/,48,12227360,Git LFS (*.joblib),New run ID expected; verify remote immediately before staging
experiment artifact,corn_factors_daily_v2,patchtst,2026-07-21-12-04-54-model-catalog-autodl,PASS,C:\Users\YLHP\Documents\Codex\2026-07-16\https-github-com-z1zddd-corn-price\work\formal-fixed-20260721-pulled\artifacts.tar.gz!/checkpoints/corn_factors_daily_v2/patchtst/2026-07-21-12-04-54-model-catalog-autodl,daily corn/checkpoints/corn_factors_daily_v2/patchtst/2026-07-21-12-04-54-model-catalog-autodl/,48,7406048,Git LFS (*.joblib),New run ID expected; verify remote immediately before staging
experiment artifact,corn_factors_daily_v2,raft,2026-07-21-11-56-57-model-catalog-autodl,PASS,C:\Users\YLHP\Documents\Codex\2026-07-16\https-github-com-z1zddd-corn-price\work\formal-fixed-20260721-pulled\artifacts.tar.gz!/checkpoints/corn_factors_daily_v2/raft/2026-07-21-11-56-57-model-catalog-autodl,daily corn/checkpoints/corn_factors_daily_v2/raft/2026-07-21-11-56-57-model-catalog-autodl/,48,3952672,Git LFS (*.joblib),New run ID expected; verify remote immediately before staging
experiment artifact,corn_factors_daily_v2,random_forest,2026-07-20-16-27-20-model-catalog-autodl,SKIPPED_COMPLETED,C:\Users\YLHP\Documents\Codex\2026-07-16\https-github-com-z1zddd-corn-price\work\formal-fixed-20260721-pulled\artifacts.tar.gz!/checkpoints/corn_factors_daily_v2/random_forest/2026-07-20-16-27-20-model-catalog-autodl,daily corn/checkpoints/corn_factors_daily_v2/random_forest/2026-07-20-16-27-20-model-catalog-autodl/,48,910720166,Git LFS (*.joblib),May already exist remotely; skip identical files and abort on differences
experiment artifact,corn_factors_daily_v2,rnn,2026-07-21-11-38-39-model-catalog-autodl,PASS,C:\Users\YLHP\Documents\Codex\2026-07-16\https-github-com-z1zddd-corn-price\work\formal-fixed-20260721-pulled\artifacts.tar.gz!/checkpoints/corn_factors_daily_v2/rnn/2026-07-21-11-38-39-model-catalog-autodl,daily corn/checkpoints/corn_factors_daily_v2/rnn/2026-07-21-11-38-39-model-catalog-autodl/,48,5892224,Git LFS (*.joblib),New run ID expected; verify remote immediately before staging
experiment artifact,corn_factors_daily_v2,simpletm,2026-07-21-11-50-28-model-catalog-autodl,PASS,C:\Users\YLHP\Documents\Codex\2026-07-16\https-github-com-z1zddd-corn-price\work\formal-fixed-20260721-pulled\artifacts.tar.gz!/checkpoints/corn_factors_daily_v2/simpletm/2026-07-21-11-50-28-model-catalog-autodl,daily corn/checkpoints/corn_factors_daily_v2/simpletm/2026-07-21-11-50-28-model-catalog-autodl/,48,5584928,Git LFS (*.joblib),New run ID expected; verify remote immediately before staging
experiment artifact,corn_factors_daily_v2,svr,2026-07-20-16-38-22-model-catalog-autodl,SKIPPED_COMPLETED,C:\Users\YLHP\Documents\Codex\2026-07-16\https-github-com-z1zddd-corn-price\work\formal-fixed-20260721-pulled\artifacts.tar.gz!/checkpoints/corn_factors_daily_v2/svr/2026-07-20-16-38-22-model-catalog-autodl,daily corn/checkpoints/corn_factors_daily_v2/svr/2026-07-20-16-38-22-model-catalog-autodl/,48,836212112,Git LFS (*.joblib),May already exist remotely; skip identical files and abort on differences
experiment artifact,corn_factors_daily_v2,tcn,2026-07-21-11-54-16-model-catalog-autodl,PASS,C:\Users\YLHP\Documents\Codex\2026-07-16\https-github-com-z1zddd-corn-price\work\formal-fixed-20260721-pulled\artifacts.tar.gz!/checkpoints/corn_factors_daily_v2/tcn/2026-07-21-11-54-16-model-catalog-autodl,daily corn/checkpoints/corn_factors_daily_v2/tcn/2026-07-21-11-54-16-model-catalog-autodl/,48,5232416,Git LFS (*.joblib),New run ID expected; verify remote immediately before staging
experiment artifact,corn_factors_daily_v2,xgboost,2026-07-20-16-31-17-model-catalog-autodl,SKIPPED_COMPLETED,C:\Users\YLHP\Documents\Codex\2026-07-16\https-github-com-z1zddd-corn-price\work\formal-fixed-20260721-pulled\artifacts.tar.gz!/checkpoints/corn_factors_daily_v2/xgboost/2026-07-20-16-31-17-model-catalog-autodl,daily corn/checkpoints/corn_factors_daily_v2/xgboost/2026-07-20-16-31-17-model-catalog-autodl/,48,10888320,Git LFS (*.joblib),May already exist remotely; skip identical files and abort on differences
experiment artifact,corn_factors_daily_v2,xlinear,2026-07-21-12-02-51-model-catalog-autodl,PASS,C:\Users\YLHP\Documents\Codex\2026-07-16\https-github-com-z1zddd-corn-price\work\formal-fixed-20260721-pulled\artifacts.tar.gz!/checkpoints/corn_factors_daily_v2/xlinear/2026-07-21-12-02-51-model-catalog-autodl,daily corn/checkpoints/corn_factors_daily_v2/xlinear/2026-07-21-12-02-51-model-catalog-autodl/,48,4577216,Git LFS (*.joblib),New run ID expected; verify remote immediately before staging
experiment artifact,corn_飞天_daily_factors_v2,catboost,2026-07-21-12-17-24-model-catalog-autodl,PASS,C:\Users\YLHP\Documents\Codex\2026-07-16\https-github-com-z1zddd-corn-price\work\formal-fixed-20260721-pulled\artifacts.tar.gz!/checkpoints/corn_飞天_daily_factors_v2/catboost/2026-07-21-12-17-24-model-catalog-autodl,daily corn/checkpoints/corn_飞天_daily_factors_v2/catboost/2026-07-21-12-17-24-model-catalog-autodl/,48,34877152,Git LFS (*.joblib),New run ID expected; verify remote immediately before staging
experiment artifact,corn_飞天_daily_factors_v2,dlinear,2026-07-21-12-44-06-model-catalog-autodl,PASS,C:\Users\YLHP\Documents\Codex\2026-07-16\https-github-com-z1zddd-corn-price\work\formal-fixed-20260721-pulled\artifacts.tar.gz!/checkpoints/corn_飞天_daily_factors_v2/dlinear/2026-07-21-12-44-06-model-catalog-autodl,daily corn/checkpoints/corn_飞天_daily_factors_v2/dlinear/2026-07-21-12-44-06-model-catalog-autodl/,48,1564512,Git LFS (*.joblib),New run ID expected; verify remote immediately before staging
experiment artifact,corn_飞天_daily_factors_v2,gradient_boosting,2026-07-21-11-36-37-model-catalog-autodl,PASS,C:\Users\YLHP\Documents\Codex\2026-07-16\https-github-com-z1zddd-corn-price\work\formal-fixed-20260721-pulled\artifacts.tar.gz!/checkpoints/corn_飞天_daily_factors_v2/gradient_boosting/2026-07-21-11-36-37-model-catalog-autodl,daily corn/checkpoints/corn_飞天_daily_factors_v2/gradient_boosting/2026-07-21-11-36-37-model-catalog-autodl/,48,12470480,Git LFS (*.joblib),New run ID expected; verify remote immediately before staging
experiment artifact,corn_飞天_daily_factors_v2,itransformer,2026-07-21-12-51-16-model-catalog-autodl,PASS,C:\Users\YLHP\Documents\Codex\2026-07-16\https-github-com-z1zddd-corn-price\work\formal-fixed-20260721-pulled\artifacts.tar.gz!/checkpoints/corn_飞天_daily_factors_v2/itransformer/2026-07-21-12-51-16-model-catalog-autodl,daily corn/checkpoints/corn_飞天_daily_factors_v2/itransformer/2026-07-21-12-51-16-model-catalog-autodl/,48,3518816,Git LFS (*.joblib),New run ID expected; verify remote immediately before staging
experiment artifact,corn_飞天_daily_factors_v2,knn,2026-07-21-11-36-15-model-catalog-autodl,PASS,C:\Users\YLHP\Documents\Codex\2026-07-16\https-github-com-z1zddd-corn-price\work\formal-fixed-20260721-pulled\artifacts.tar.gz!/checkpoints/corn_飞天_daily_factors_v2/knn/2026-07-21-11-36-15-model-catalog-autodl,daily corn/checkpoints/corn_飞天_daily_factors_v2/knn/2026-07-21-11-36-15-model-catalog-autodl/,48,167288480,Git LFS (*.joblib),New run ID expected; verify remote immediately before staging
experiment artifact,corn_飞天_daily_factors_v2,lightgbm,2026-07-21-11-53-50-model-catalog-autodl,PASS,C:\Users\YLHP\Documents\Codex\2026-07-16\https-github-com-z1zddd-corn-price\work\formal-fixed-20260721-pulled\artifacts.tar.gz!/checkpoints/corn_飞天_daily_factors_v2/lightgbm/2026-07-21-11-53-50-model-catalog-autodl,daily corn/checkpoints/corn_飞天_daily_factors_v2/lightgbm/2026-07-21-11-53-50-model-catalog-autodl/,48,84791488,Git LFS (*.joblib),New run ID expected; verify remote immediately before staging
experiment artifact,corn_飞天_daily_factors_v2,lnn,2026-07-21-12-24-22-model-catalog-autodl,PASS,C:\Users\YLHP\Documents\Codex\2026-07-16\https-github-com-z1zddd-corn-price\work\formal-fixed-20260721-pulled\artifacts.tar.gz!/checkpoints/corn_飞天_daily_factors_v2/lnn/2026-07-21-12-24-22-model-catalog-autodl,daily corn/checkpoints/corn_飞天_daily_factors_v2/lnn/2026-07-21-12-24-22-model-catalog-autodl/,48,2579552,Git LFS (*.joblib),New run ID expected; verify remote immediately before staging
experiment artifact,corn_飞天_daily_factors_v2,lstm,2026-07-21-12-14-53-model-catalog-autodl,PASS,C:\Users\YLHP\Documents\Codex\2026-07-16\https-github-com-z1zddd-corn-price\work\formal-fixed-20260721-pulled\artifacts.tar.gz!/checkpoints/corn_飞天_daily_factors_v2/lstm/2026-07-21-12-14-53-model-catalog-autodl,daily corn/checkpoints/corn_飞天_daily_factors_v2/lstm/2026-07-21-12-14-53-model-catalog-autodl/,48,8034440,Git LFS (*.joblib),New run ID expected; verify remote immediately before staging
experiment artifact,corn_飞天_daily_factors_v2,mafs,2026-07-21-12-41-05-model-catalog-autodl,PASS,C:\Users\YLHP\Documents\Codex\2026-07-16\https-github-com-z1zddd-corn-price\work\formal-fixed-20260721-pulled\artifacts.tar.gz!/checkpoints/corn_飞天_daily_factors_v2/mafs/2026-07-21-12-41-05-model-catalog-autodl,daily corn/checkpoints/corn_飞天_daily_factors_v2/mafs/2026-07-21-12-41-05-model-catalog-autodl/,48,6916944,Git LFS (*.joblib),New run ID expected; verify remote immediately before staging
experiment artifact,corn_飞天_daily_factors_v2,patchtst,2026-07-21-12-47-42-model-catalog-autodl,PASS,C:\Users\YLHP\Documents\Codex\2026-07-16\https-github-com-z1zddd-corn-price\work\formal-fixed-20260721-pulled\artifacts.tar.gz!/checkpoints/corn_飞天_daily_factors_v2/patchtst/2026-07-21-12-47-42-model-catalog-autodl,daily corn/checkpoints/corn_飞天_daily_factors_v2/patchtst/2026-07-21-12-47-42-model-catalog-autodl/,48,4426016,Git LFS (*.joblib),New run ID expected; verify remote immediately before staging
experiment artifact,corn_飞天_daily_factors_v2,raft,2026-07-21-12-38-49-model-catalog-autodl,PASS,C:\Users\YLHP\Documents\Codex\2026-07-16\https-github-com-z1zddd-corn-price\work\formal-fixed-20260721-pulled\artifacts.tar.gz!/checkpoints/corn_飞天_daily_factors_v2/raft/2026-07-21-12-38-49-model-catalog-autodl,daily corn/checkpoints/corn_飞天_daily_factors_v2/raft/2026-07-21-12-38-49-model-catalog-autodl/,48,2005600,Git LFS (*.joblib),New run ID expected; verify remote immediately before staging
experiment artifact,corn_飞天_daily_factors_v2,random_forest,2026-07-21-11-34-12-model-catalog-autodl,PASS,C:\Users\YLHP\Documents\Codex\2026-07-16\https-github-com-z1zddd-corn-price\work\formal-fixed-20260721-pulled\artifacts.tar.gz!/checkpoints/corn_飞天_daily_factors_v2/random_forest/2026-07-21-11-34-12-model-catalog-autodl,daily corn/checkpoints/corn_飞天_daily_factors_v2/random_forest/2026-07-21-11-34-12-model-catalog-autodl/,48,678554608,Git LFS (*.joblib),New run ID expected; verify remote immediately before staging
experiment artifact,corn_飞天_daily_factors_v2,rnn,2026-07-21-12-22-07-model-catalog-autodl,PASS,C:\Users\YLHP\Documents\Codex\2026-07-16\https-github-com-z1zddd-corn-price\work\formal-fixed-20260721-pulled\artifacts.tar.gz!/checkpoints/corn_飞天_daily_factors_v2/rnn/2026-07-21-12-22-07-model-catalog-autodl,daily corn/checkpoints/corn_飞天_daily_factors_v2/rnn/2026-07-21-12-22-07-model-catalog-autodl/,48,3170800,Git LFS (*.joblib),New run ID expected; verify remote immediately before staging
experiment artifact,corn_飞天_daily_factors_v2,simpletm,2026-07-21-12-33-12-model-catalog-autodl,PASS,C:\Users\YLHP\Documents\Codex\2026-07-16\https-github-com-z1zddd-corn-price\work\formal-fixed-20260721-pulled\artifacts.tar.gz!/checkpoints/corn_飞天_daily_factors_v2/simpletm/2026-07-21-12-33-12-model-catalog-autodl,daily corn/checkpoints/corn_飞天_daily_factors_v2/simpletm/2026-07-21-12-33-12-model-catalog-autodl/,48,3637856,Git LFS (*.joblib),New run ID expected; verify remote immediately before staging
experiment artifact,corn_飞天_daily_factors_v2,svr,2026-07-21-11-35-25-model-catalog-autodl,PASS,C:\Users\YLHP\Documents\Codex\2026-07-16\https-github-com-z1zddd-corn-price\work\formal-fixed-20260721-pulled\artifacts.tar.gz!/checkpoints/corn_飞天_daily_factors_v2/svr/2026-07-21-11-35-25-model-catalog-autodl,daily corn/checkpoints/corn_飞天_daily_factors_v2/svr/2026-07-21-11-35-25-model-catalog-autodl/,48,333284192,Git LFS (*.joblib),New run ID expected; verify remote immediately before staging
experiment artifact,corn_飞天_daily_factors_v2,tcn,2026-07-21-12-36-46-model-catalog-autodl,PASS,C:\Users\YLHP\Documents\Codex\2026-07-16\https-github-com-z1zddd-corn-price\work\formal-fixed-20260721-pulled\artifacts.tar.gz!/checkpoints/corn_飞天_daily_factors_v2/tcn/2026-07-21-12-36-46-model-catalog-autodl,daily corn/checkpoints/corn_飞天_daily_factors_v2/tcn/2026-07-21-12-36-46-model-catalog-autodl/,48,2769248,Git LFS (*.joblib),New run ID expected; verify remote immediately before staging
experiment artifact,corn_飞天_daily_factors_v2,xgboost,2026-07-21-12-12-47-model-catalog-autodl,PASS,C:\Users\YLHP\Documents\Codex\2026-07-16\https-github-com-z1zddd-corn-price\work\formal-fixed-20260721-pulled\artifacts.tar.gz!/checkpoints/corn_飞天_daily_factors_v2/xgboost/2026-07-21-12-12-47-model-catalog-autodl,daily corn/checkpoints/corn_飞天_daily_factors_v2/xgboost/2026-07-21-12-12-47-model-catalog-autodl/,48,190905824,Git LFS (*.joblib),New run ID expected; verify remote immediately before staging
experiment artifact,corn_飞天_daily_factors_v2,xlinear,2026-07-21-12-46-02-model-catalog-autodl,PASS,C:\Users\YLHP\Documents\Codex\2026-07-16\https-github-com-z1zddd-corn-price\work\formal-fixed-20260721-pulled\artifacts.tar.gz!/checkpoints/corn_飞天_daily_factors_v2/xlinear/2026-07-21-12-46-02-model-catalog-autodl,daily corn/checkpoints/corn_飞天_daily_factors_v2/xlinear/2026-07-21-12-46-02-model-catalog-autodl/,48,2113856,Git LFS (*.joblib),New run ID expected; verify remote immediately before staging
experiment artifact,corn_factors_daily_v2,catboost,2026-07-21-11-29-40-model-catalog-autodl,PASS,C:\Users\YLHP\Documents\Codex\2026-07-16\https-github-com-z1zddd-corn-price\work\formal-fixed-20260721-pulled\artifacts.tar.gz!/report/corn_factors_daily_v2/catboost/2026-07-21-11-29-40-model-catalog-autodl,daily corn/report/corn_factors_daily_v2/catboost/2026-07-21-11-29-40-model-catalog-autodl/,1,13556,Git,New run ID expected; verify remote immediately before staging
experiment artifact,corn_factors_daily_v2,dlinear,2026-07-20-19-21-00-zzm,SKIPPED_COMPLETED,C:\Users\YLHP\Documents\Codex\2026-07-16\https-github-com-z1zddd-corn-price\work\formal-fixed-20260721-pulled\artifacts.tar.gz!/report/corn_factors_daily_v2/dlinear/2026-07-20-19-21-00-zzm,daily corn/report/corn_factors_daily_v2/dlinear/2026-07-20-19-21-00-zzm/,1,13305,Git,May already exist remotely; skip identical files and abort on differences
experiment artifact,corn_factors_daily_v2,gradient_boosting,2026-07-21-11-29-40-model-catalog-autodl,PASS,C:\Users\YLHP\Documents\Codex\2026-07-16\https-github-com-z1zddd-corn-price\work\formal-fixed-20260721-pulled\artifacts.tar.gz!/report/corn_factors_daily_v2/gradient_boosting/2026-07-21-11-29-40-model-catalog-autodl,daily corn/report/corn_factors_daily_v2/gradient_boosting/2026-07-21-11-29-40-model-catalog-autodl/,1,13490,Git,New run ID expected; verify remote immediately before staging
experiment artifact,corn_factors_daily_v2,itransformer,2026-07-21-12-08-45-model-catalog-autodl,PASS,C:\Users\YLHP\Documents\Codex\2026-07-16\https-github-com-z1zddd-corn-price\work\formal-fixed-20260721-pulled\artifacts.tar.gz!/report/corn_factors_daily_v2/itransformer/2026-07-21-12-08-45-model-catalog-autodl,daily corn/report/corn_factors_daily_v2/itransformer/2026-07-21-12-08-45-model-catalog-autodl/,1,13504,Git,New run ID expected; verify remote immediately before staging
experiment artifact,corn_factors_daily_v2,knn,2026-07-20-16-44-44-model-catalog-autodl,SKIPPED_COMPLETED,C:\Users\YLHP\Documents\Codex\2026-07-16\https-github-com-z1zddd-corn-price\work\formal-fixed-20260721-pulled\artifacts.tar.gz!/report/corn_factors_daily_v2/knn/2026-07-20-16-44-44-model-catalog-autodl,daily corn/report/corn_factors_daily_v2/knn/2026-07-20-16-44-44-model-catalog-autodl/,1,12975,Git,May already exist remotely; skip identical files and abort on differences
experiment artifact,corn_factors_daily_v2,lightgbm,2026-07-21-11-29-40-model-catalog-autodl,PASS,C:\Users\YLHP\Documents\Codex\2026-07-16\https-github-com-z1zddd-corn-price\work\formal-fixed-20260721-pulled\artifacts.tar.gz!/report/corn_factors_daily_v2/lightgbm/2026-07-21-11-29-40-model-catalog-autodl,daily corn/report/corn_factors_daily_v2/lightgbm/2026-07-21-11-29-40-model-catalog-autodl/,1,13423,Git,New run ID expected; verify remote immediately before staging
experiment artifact,corn_factors_daily_v2,lnn,2026-07-21-11-41-08-model-catalog-autodl,PASS,C:\Users\YLHP\Documents\Codex\2026-07-16\https-github-com-z1zddd-corn-price\work\formal-fixed-20260721-pulled\artifacts.tar.gz!/report/corn_factors_daily_v2/lnn/2026-07-21-11-41-08-model-catalog-autodl,daily corn/report/corn_factors_daily_v2/lnn/2026-07-21-11-41-08-model-catalog-autodl/,1,13522,Git,New run ID expected; verify remote immediately before staging
experiment artifact,corn_factors_daily_v2,lstm,2026-07-20-16-33-41-model-catalog-autodl,SKIPPED_COMPLETED,C:\Users\YLHP\Documents\Codex\2026-07-16\https-github-com-z1zddd-corn-price\work\formal-fixed-20260721-pulled\artifacts.tar.gz!/report/corn_factors_daily_v2/lstm/2026-07-20-16-33-41-model-catalog-autodl,daily corn/report/corn_factors_daily_v2/lstm/2026-07-20-16-33-41-model-catalog-autodl/,1,13471,Git,May already exist remotely; skip identical files and abort on differences
experiment artifact,corn_factors_daily_v2,mafs,2026-07-21-11-59-31-model-catalog-autodl,PASS,C:\Users\YLHP\Documents\Codex\2026-07-16\https-github-com-z1zddd-corn-price\work\formal-fixed-20260721-pulled\artifacts.tar.gz!/report/corn_factors_daily_v2/mafs/2026-07-21-11-59-31-model-catalog-autodl,daily corn/report/corn_factors_daily_v2/mafs/2026-07-21-11-59-31-model-catalog-autodl/,1,13326,Git,New run ID expected; verify remote immediately before staging
experiment artifact,corn_factors_daily_v2,patchtst,2026-07-21-12-04-54-model-catalog-autodl,PASS,C:\Users\YLHP\Documents\Codex\2026-07-16\https-github-com-z1zddd-corn-price\work\formal-fixed-20260721-pulled\artifacts.tar.gz!/report/corn_factors_daily_v2/patchtst/2026-07-21-12-04-54-model-catalog-autodl,daily corn/report/corn_factors_daily_v2/patchtst/2026-07-21-12-04-54-model-catalog-autodl/,1,13599,Git,New run ID expected; verify remote immediately before staging
experiment artifact,corn_factors_daily_v2,raft,2026-07-21-11-56-57-model-catalog-autodl,PASS,C:\Users\YLHP\Documents\Codex\2026-07-16\https-github-com-z1zddd-corn-price\work\formal-fixed-20260721-pulled\artifacts.tar.gz!/report/corn_factors_daily_v2/raft/2026-07-21-11-56-57-model-catalog-autodl,daily corn/report/corn_factors_daily_v2/raft/2026-07-21-11-56-57-model-catalog-autodl/,1,13303,Git,New run ID expected; verify remote immediately before staging
experiment artifact,corn_factors_daily_v2,random_forest,2026-07-20-16-27-20-model-catalog-autodl,SKIPPED_COMPLETED,C:\Users\YLHP\Documents\Codex\2026-07-16\https-github-com-z1zddd-corn-price\work\formal-fixed-20260721-pulled\artifacts.tar.gz!/report/corn_factors_daily_v2/random_forest/2026-07-20-16-27-20-model-catalog-autodl,daily corn/report/corn_factors_daily_v2/random_forest/2026-07-20-16-27-20-model-catalog-autodl/,1,13554,Git,May already exist remotely; skip identical files and abort on differences
experiment artifact,corn_factors_daily_v2,rnn,2026-07-21-11-38-39-model-catalog-autodl,PASS,C:\Users\YLHP\Documents\Codex\2026-07-16\https-github-com-z1zddd-corn-price\work\formal-fixed-20260721-pulled\artifacts.tar.gz!/report/corn_factors_daily_v2/rnn/2026-07-21-11-38-39-model-catalog-autodl,daily corn/report/corn_factors_daily_v2/rnn/2026-07-21-11-38-39-model-catalog-autodl/,1,13556,Git,New run ID expected; verify remote immediately before staging
experiment artifact,corn_factors_daily_v2,simpletm,2026-07-21-11-50-28-model-catalog-autodl,PASS,C:\Users\YLHP\Documents\Codex\2026-07-16\https-github-com-z1zddd-corn-price\work\formal-fixed-20260721-pulled\artifacts.tar.gz!/report/corn_factors_daily_v2/simpletm/2026-07-21-11-50-28-model-catalog-autodl,daily corn/report/corn_factors_daily_v2/simpletm/2026-07-21-11-50-28-model-catalog-autodl/,1,13613,Git,New run ID expected; verify remote immediately before staging
experiment artifact,corn_factors_daily_v2,svr,2026-07-20-16-38-22-model-catalog-autodl,SKIPPED_COMPLETED,C:\Users\YLHP\Documents\Codex\2026-07-16\https-github-com-z1zddd-corn-price\work\formal-fixed-20260721-pulled\artifacts.tar.gz!/report/corn_factors_daily_v2/svr/2026-07-20-16-38-22-model-catalog-autodl,daily corn/report/corn_factors_daily_v2/svr/2026-07-20-16-38-22-model-catalog-autodl/,1,13095,Git,May already exist remotely; skip identical files and abort on differences
experiment artifact,corn_factors_daily_v2,tcn,2026-07-21-11-54-16-model-catalog-autodl,PASS,C:\Users\YLHP\Documents\Codex\2026-07-16\https-github-com-z1zddd-corn-price\work\formal-fixed-20260721-pulled\artifacts.tar.gz!/report/corn_factors_daily_v2/tcn/2026-07-21-11-54-16-model-catalog-autodl,daily corn/report/corn_factors_daily_v2/tcn/2026-07-21-11-54-16-model-catalog-autodl/,1,13349,Git,New run ID expected; verify remote immediately before staging
experiment artifact,corn_factors_daily_v2,xgboost,2026-07-20-16-31-17-model-catalog-autodl,SKIPPED_COMPLETED,C:\Users\YLHP\Documents\Codex\2026-07-16\https-github-com-z1zddd-corn-price\work\formal-fixed-20260721-pulled\artifacts.tar.gz!/report/corn_factors_daily_v2/xgboost/2026-07-20-16-31-17-model-catalog-autodl,daily corn/report/corn_factors_daily_v2/xgboost/2026-07-20-16-31-17-model-catalog-autodl/,1,13458,Git,May already exist remotely; skip identical files and abort on differences
experiment artifact,corn_factors_daily_v2,xlinear,2026-07-21-12-02-51-model-catalog-autodl,PASS,C:\Users\YLHP\Documents\Codex\2026-07-16\https-github-com-z1zddd-corn-price\work\formal-fixed-20260721-pulled\artifacts.tar.gz!/report/corn_factors_daily_v2/xlinear/2026-07-21-12-02-51-model-catalog-autodl,daily corn/report/corn_factors_daily_v2/xlinear/2026-07-21-12-02-51-model-catalog-autodl/,1,13324,Git,New run ID expected; verify remote immediately before staging
experiment artifact,corn_飞天_daily_factors_v2,catboost,2026-07-21-12-17-24-model-catalog-autodl,PASS,C:\Users\YLHP\Documents\Codex\2026-07-16\https-github-com-z1zddd-corn-price\work\formal-fixed-20260721-pulled\artifacts.tar.gz!/report/corn_飞天_daily_factors_v2/catboost/2026-07-21-12-17-24-model-catalog-autodl,daily corn/report/corn_飞天_daily_factors_v2/catboost/2026-07-21-12-17-24-model-catalog-autodl/,1,13544,Git,New run ID expected; verify remote immediately before staging
experiment artifact,corn_飞天_daily_factors_v2,dlinear,2026-07-21-12-44-06-model-catalog-autodl,PASS,C:\Users\YLHP\Documents\Codex\2026-07-16\https-github-com-z1zddd-corn-price\work\formal-fixed-20260721-pulled\artifacts.tar.gz!/report/corn_飞天_daily_factors_v2/dlinear/2026-07-21-12-44-06-model-catalog-autodl,daily corn/report/corn_飞天_daily_factors_v2/dlinear/2026-07-21-12-44-06-model-catalog-autodl/,1,13505,Git,New run ID expected; verify remote immediately before staging
experiment artifact,corn_飞天_daily_factors_v2,gradient_boosting,2026-07-21-11-36-37-model-catalog-autodl,PASS,C:\Users\YLHP\Documents\Codex\2026-07-16\https-github-com-z1zddd-corn-price\work\formal-fixed-20260721-pulled\artifacts.tar.gz!/report/corn_飞天_daily_factors_v2/gradient_boosting/2026-07-21-11-36-37-model-catalog-autodl,daily corn/report/corn_飞天_daily_factors_v2/gradient_boosting/2026-07-21-11-36-37-model-catalog-autodl/,1,13577,Git,New run ID expected; verify remote immediately before staging
experiment artifact,corn_飞天_daily_factors_v2,itransformer,2026-07-21-12-51-16-model-catalog-autodl,PASS,C:\Users\YLHP\Documents\Codex\2026-07-16\https-github-com-z1zddd-corn-price\work\formal-fixed-20260721-pulled\artifacts.tar.gz!/report/corn_飞天_daily_factors_v2/itransformer/2026-07-21-12-51-16-model-catalog-autodl,daily corn/report/corn_飞天_daily_factors_v2/itransformer/2026-07-21-12-51-16-model-catalog-autodl/,1,13616,Git,New run ID expected; verify remote immediately before staging
experiment artifact,corn_飞天_daily_factors_v2,knn,2026-07-21-11-36-15-model-catalog-autodl,PASS,C:\Users\YLHP\Documents\Codex\2026-07-16\https-github-com-z1zddd-corn-price\work\formal-fixed-20260721-pulled\artifacts.tar.gz!/report/corn_飞天_daily_factors_v2/knn/2026-07-21-11-36-15-model-catalog-autodl,daily corn/report/corn_飞天_daily_factors_v2/knn/2026-07-21-11-36-15-model-catalog-autodl/,1,13231,Git,New run ID expected; verify remote immediately before staging
experiment artifact,corn_飞天_daily_factors_v2,lightgbm,2026-07-21-11-53-50-model-catalog-autodl,PASS,C:\Users\YLHP\Documents\Codex\2026-07-16\https-github-com-z1zddd-corn-price\work\formal-fixed-20260721-pulled\artifacts.tar.gz!/report/corn_飞天_daily_factors_v2/lightgbm/2026-07-21-11-53-50-model-catalog-autodl,daily corn/report/corn_飞天_daily_factors_v2/lightgbm/2026-07-21-11-53-50-model-catalog-autodl/,1,13520,Git,New run ID expected; verify remote immediately before staging
experiment artifact,corn_飞天_daily_factors_v2,lnn,2026-07-21-12-24-22-model-catalog-autodl,PASS,C:\Users\YLHP\Documents\Codex\2026-07-16\https-github-com-z1zddd-corn-price\work\formal-fixed-20260721-pulled\artifacts.tar.gz!/report/corn_飞天_daily_factors_v2/lnn/2026-07-21-12-24-22-model-catalog-autodl,daily corn/report/corn_飞天_daily_factors_v2/lnn/2026-07-21-12-24-22-model-catalog-autodl/,1,13592,Git,New run ID expected; verify remote immediately before staging
experiment artifact,corn_飞天_daily_factors_v2,lstm,2026-07-21-12-14-53-model-catalog-autodl,PASS,C:\Users\YLHP\Documents\Codex\2026-07-16\https-github-com-z1zddd-corn-price\work\formal-fixed-20260721-pulled\artifacts.tar.gz!/report/corn_飞天_daily_factors_v2/lstm/2026-07-21-12-14-53-model-catalog-autodl,daily corn/report/corn_飞天_daily_factors_v2/lstm/2026-07-21-12-14-53-model-catalog-autodl/,1,13368,Git,New run ID expected; verify remote immediately before staging
experiment artifact,corn_飞天_daily_factors_v2,mafs,2026-07-21-12-41-05-model-catalog-autodl,PASS,C:\Users\YLHP\Documents\Codex\2026-07-16\https-github-com-z1zddd-corn-price\work\formal-fixed-20260721-pulled\artifacts.tar.gz!/report/corn_飞天_daily_factors_v2/mafs/2026-07-21-12-41-05-model-catalog-autodl,daily corn/report/corn_飞天_daily_factors_v2/mafs/2026-07-21-12-41-05-model-catalog-autodl/,1,13431,Git,New run ID expected; verify remote immediately before staging
experiment artifact,corn_飞天_daily_factors_v2,patchtst,2026-07-21-12-47-42-model-catalog-autodl,PASS,C:\Users\YLHP\Documents\Codex\2026-07-16\https-github-com-z1zddd-corn-price\work\formal-fixed-20260721-pulled\artifacts.tar.gz!/report/corn_飞天_daily_factors_v2/patchtst/2026-07-21-12-47-42-model-catalog-autodl,daily corn/report/corn_飞天_daily_factors_v2/patchtst/2026-07-21-12-47-42-model-catalog-autodl/,1,13546,Git,New run ID expected; verify remote immediately before staging
experiment artifact,corn_飞天_daily_factors_v2,raft,2026-07-21-12-38-49-model-catalog-autodl,PASS,C:\Users\YLHP\Documents\Codex\2026-07-16\https-github-com-z1zddd-corn-price\work\formal-fixed-20260721-pulled\artifacts.tar.gz!/report/corn_飞天_daily_factors_v2/raft/2026-07-21-12-38-49-model-catalog-autodl,daily corn/report/corn_飞天_daily_factors_v2/raft/2026-07-21-12-38-49-model-catalog-autodl/,1,13561,Git,New run ID expected; verify remote immediately before staging
experiment artifact,corn_飞天_daily_factors_v2,random_forest,2026-07-21-11-34-12-model-catalog-autodl,PASS,C:\Users\YLHP\Documents\Codex\2026-07-16\https-github-com-z1zddd-corn-price\work\formal-fixed-20260721-pulled\artifacts.tar.gz!/report/corn_飞天_daily_factors_v2/random_forest/2026-07-21-11-34-12-model-catalog-autodl,daily corn/report/corn_飞天_daily_factors_v2/random_forest/2026-07-21-11-34-12-model-catalog-autodl/,1,13561,Git,New run ID expected; verify remote immediately before staging
experiment artifact,corn_飞天_daily_factors_v2,rnn,2026-07-21-12-22-07-model-catalog-autodl,PASS,C:\Users\YLHP\Documents\Codex\2026-07-16\https-github-com-z1zddd-corn-price\work\formal-fixed-20260721-pulled\artifacts.tar.gz!/report/corn_飞天_daily_factors_v2/rnn/2026-07-21-12-22-07-model-catalog-autodl,daily corn/report/corn_飞天_daily_factors_v2/rnn/2026-07-21-12-22-07-model-catalog-autodl/,1,13526,Git,New run ID expected; verify remote immediately before staging
experiment artifact,corn_飞天_daily_factors_v2,simpletm,2026-07-21-12-33-12-model-catalog-autodl,PASS,C:\Users\YLHP\Documents\Codex\2026-07-16\https-github-com-z1zddd-corn-price\work\formal-fixed-20260721-pulled\artifacts.tar.gz!/report/corn_飞天_daily_factors_v2/simpletm/2026-07-21-12-33-12-model-catalog-autodl,daily corn/report/corn_飞天_daily_factors_v2/simpletm/2026-07-21-12-33-12-model-catalog-autodl/,1,13536,Git,New run ID expected; verify remote immediately before staging
experiment artifact,corn_飞天_daily_factors_v2,svr,2026-07-21-11-35-25-model-catalog-autodl,PASS,C:\Users\YLHP\Documents\Codex\2026-07-16\https-github-com-z1zddd-corn-price\work\formal-fixed-20260721-pulled\artifacts.tar.gz!/report/corn_飞天_daily_factors_v2/svr/2026-07-21-11-35-25-model-catalog-autodl,daily corn/report/corn_飞天_daily_factors_v2/svr/2026-07-21-11-35-25-model-catalog-autodl/,1,12943,Git,New run ID expected; verify remote immediately before staging
experiment artifact,corn_飞天_daily_factors_v2,tcn,2026-07-21-12-36-46-model-catalog-autodl,PASS,C:\Users\YLHP\Documents\Codex\2026-07-16\https-github-com-z1zddd-corn-price\work\formal-fixed-20260721-pulled\artifacts.tar.gz!/report/corn_飞天_daily_factors_v2/tcn/2026-07-21-12-36-46-model-catalog-autodl,daily corn/report/corn_飞天_daily_factors_v2/tcn/2026-07-21-12-36-46-model-catalog-autodl/,1,13552,Git,New run ID expected; verify remote immediately before staging
experiment artifact,corn_飞天_daily_factors_v2,xgboost,2026-07-21-12-12-47-model-catalog-autodl,PASS,C:\Users\YLHP\Documents\Codex\2026-07-16\https-github-com-z1zddd-corn-price\work\formal-fixed-20260721-pulled\artifacts.tar.gz!/report/corn_飞天_daily_factors_v2/xgboost/2026-07-21-12-12-47-model-catalog-autodl,daily corn/report/corn_飞天_daily_factors_v2/xgboost/2026-07-21-12-12-47-model-catalog-autodl/,1,13646,Git,New run ID expected; verify remote immediately before staging
experiment artifact,corn_飞天_daily_factors_v2,xlinear,2026-07-21-12-46-02-model-catalog-autodl,PASS,C:\Users\YLHP\Documents\Codex\2026-07-16\https-github-com-z1zddd-corn-price\work\formal-fixed-20260721-pulled\artifacts.tar.gz!/report/corn_飞天_daily_factors_v2/xlinear/2026-07-21-12-46-02-model-catalog-autodl,daily corn/report/corn_飞天_daily_factors_v2/xlinear/2026-07-21-12-46-02-model-catalog-autodl/,1,13534,Git,New run ID expected; verify remote immediately before staging
experiment artifact,corn_factors_daily_v2,catboost,2026-07-21-11-29-40-model-catalog-autodl,PASS,C:\Users\YLHP\Documents\Codex\2026-07-16\https-github-com-z1zddd-corn-price\work\formal-fixed-20260721-pulled\artifacts.tar.gz!/results/corn_factors_daily_v2/catboost/2026-07-21-11-29-40-model-catalog-autodl,daily corn/results/corn_factors_daily_v2/catboost/2026-07-21-11-29-40-model-catalog-autodl/,206,15574152,Git,New run ID expected; verify remote immediately before staging
experiment artifact,corn_factors_daily_v2,dlinear,2026-07-20-19-21-00-zzm,SKIPPED_COMPLETED,C:\Users\YLHP\Documents\Codex\2026-07-16\https-github-com-z1zddd-corn-price\work\formal-fixed-20260721-pulled\artifacts.tar.gz!/results/corn_factors_daily_v2/dlinear/2026-07-20-19-21-00-zzm,daily corn/results/corn_factors_daily_v2/dlinear/2026-07-20-19-21-00-zzm/,206,15552389,Git,May already exist remotely; skip identical files and abort on differences
experiment artifact,corn_factors_daily_v2,gradient_boosting,2026-07-21-11-29-40-model-catalog-autodl,PASS,C:\Users\YLHP\Documents\Codex\2026-07-16\https-github-com-z1zddd-corn-price\work\formal-fixed-20260721-pulled\artifacts.tar.gz!/results/corn_factors_daily_v2/gradient_boosting/2026-07-21-11-29-40-model-catalog-autodl,daily corn/results/corn_factors_daily_v2/gradient_boosting/2026-07-21-11-29-40-model-catalog-autodl/,206,16190709,Git,New run ID expected; verify remote immediately before staging
experiment artifact,corn_factors_daily_v2,itransformer,2026-07-21-12-08-45-model-catalog-autodl,PASS,C:\Users\YLHP\Documents\Codex\2026-07-16\https-github-com-z1zddd-corn-price\work\formal-fixed-20260721-pulled\artifacts.tar.gz!/results/corn_factors_daily_v2/itransformer/2026-07-21-12-08-45-model-catalog-autodl,daily corn/results/corn_factors_daily_v2/itransformer/2026-07-21-12-08-45-model-catalog-autodl/,206,15882838,Git,New run ID expected; verify remote immediately before staging
experiment artifact,corn_factors_daily_v2,knn,2026-07-20-16-44-44-model-catalog-autodl,SKIPPED_COMPLETED,C:\Users\YLHP\Documents\Codex\2026-07-16\https-github-com-z1zddd-corn-price\work\formal-fixed-20260721-pulled\artifacts.tar.gz!/results/corn_factors_daily_v2/knn/2026-07-20-16-44-44-model-catalog-autodl,daily corn/results/corn_factors_daily_v2/knn/2026-07-20-16-44-44-model-catalog-autodl/,206,14954448,Git,May already exist remotely; skip identical files and abort on differences
experiment artifact,corn_factors_daily_v2,lightgbm,2026-07-21-11-29-40-model-catalog-autodl,PASS,C:\Users\YLHP\Documents\Codex\2026-07-16\https-github-com-z1zddd-corn-price\work\formal-fixed-20260721-pulled\artifacts.tar.gz!/results/corn_factors_daily_v2/lightgbm/2026-07-21-11-29-40-model-catalog-autodl,daily corn/results/corn_factors_daily_v2/lightgbm/2026-07-21-11-29-40-model-catalog-autodl/,206,15542316,Git,New run ID expected; verify remote immediately before staging
experiment artifact,corn_factors_daily_v2,lnn,2026-07-21-11-41-08-model-catalog-autodl,PASS,C:\Users\YLHP\Documents\Codex\2026-07-16\https-github-com-z1zddd-corn-price\work\formal-fixed-20260721-pulled\artifacts.tar.gz!/results/corn_factors_daily_v2/lnn/2026-07-21-11-41-08-model-catalog-autodl,daily corn/results/corn_factors_daily_v2/lnn/2026-07-21-11-41-08-model-catalog-autodl/,206,15288432,Git,New run ID expected; verify remote immediately before staging
experiment artifact,corn_factors_daily_v2,lstm,2026-07-20-16-33-41-model-catalog-autodl,SKIPPED_COMPLETED,C:\Users\YLHP\Documents\Codex\2026-07-16\https-github-com-z1zddd-corn-price\work\formal-fixed-20260721-pulled\artifacts.tar.gz!/results/corn_factors_daily_v2/lstm/2026-07-20-16-33-41-model-catalog-autodl,daily corn/results/corn_factors_daily_v2/lstm/2026-07-20-16-33-41-model-catalog-autodl/,206,15361831,Git,May already exist remotely; skip identical files and abort on differences
experiment artifact,corn_factors_daily_v2,mafs,2026-07-21-11-59-31-model-catalog-autodl,PASS,C:\Users\YLHP\Documents\Codex\2026-07-16\https-github-com-z1zddd-corn-price\work\formal-fixed-20260721-pulled\artifacts.tar.gz!/results/corn_factors_daily_v2/mafs/2026-07-21-11-59-31-model-catalog-autodl,daily corn/results/corn_factors_daily_v2/mafs/2026-07-21-11-59-31-model-catalog-autodl/,206,15334002,Git,New run ID expected; verify remote immediately before staging
experiment artifact,corn_factors_daily_v2,patchtst,2026-07-21-12-04-54-model-catalog-autodl,PASS,C:\Users\YLHP\Documents\Codex\2026-07-16\https-github-com-z1zddd-corn-price\work\formal-fixed-20260721-pulled\artifacts.tar.gz!/results/corn_factors_daily_v2/patchtst/2026-07-21-12-04-54-model-catalog-autodl,daily corn/results/corn_factors_daily_v2/patchtst/2026-07-21-12-04-54-model-catalog-autodl/,206,15600544,Git,New run ID expected; verify remote immediately before staging
experiment artifact,corn_factors_daily_v2,raft,2026-07-21-11-56-57-model-catalog-autodl,PASS,C:\Users\YLHP\Documents\Codex\2026-07-16\https-github-com-z1zddd-corn-price\work\formal-fixed-20260721-pulled\artifacts.tar.gz!/results/corn_factors_daily_v2/raft/2026-07-21-11-56-57-model-catalog-autodl,daily corn/results/corn_factors_daily_v2/raft/2026-07-21-11-56-57-model-catalog-autodl/,206,15358942,Git,New run ID expected; verify remote immediately before staging
experiment artifact,corn_factors_daily_v2,random_forest,2026-07-20-16-27-20-model-catalog-autodl,SKIPPED_COMPLETED,C:\Users\YLHP\Documents\Codex\2026-07-16\https-github-com-z1zddd-corn-price\work\formal-fixed-20260721-pulled\artifacts.tar.gz!/results/corn_factors_daily_v2/random_forest/2026-07-20-16-27-20-model-catalog-autodl,daily corn/results/corn_factors_daily_v2/random_forest/2026-07-20-16-27-20-model-catalog-autodl/,206,15897238,Git,May already exist remotely; skip identical files and abort on differences
experiment artifact,corn_factors_daily_v2,rnn,2026-07-21-11-38-39-model-catalog-autodl,PASS,C:\Users\YLHP\Documents\Codex\2026-07-16\https-github-com-z1zddd-corn-price\work\formal-fixed-20260721-pulled\artifacts.tar.gz!/results/corn_factors_daily_v2/rnn/2026-07-21-11-38-39-model-catalog-autodl,daily corn/results/corn_factors_daily_v2/rnn/2026-07-21-11-38-39-model-catalog-autodl/,206,15266118,Git,New run ID expected; verify remote immediately before staging
experiment artifact,corn_factors_daily_v2,simpletm,2026-07-21-11-50-28-model-catalog-autodl,PASS,C:\Users\YLHP\Documents\Codex\2026-07-16\https-github-com-z1zddd-corn-price\work\formal-fixed-20260721-pulled\artifacts.tar.gz!/results/corn_factors_daily_v2/simpletm/2026-07-21-11-50-28-model-catalog-autodl,daily corn/results/corn_factors_daily_v2/simpletm/2026-07-21-11-50-28-model-catalog-autodl/,206,15597364,Git,New run ID expected; verify remote immediately before staging
experiment artifact,corn_factors_daily_v2,svr,2026-07-20-16-38-22-model-catalog-autodl,SKIPPED_COMPLETED,C:\Users\YLHP\Documents\Codex\2026-07-16\https-github-com-z1zddd-corn-price\work\formal-fixed-20260721-pulled\artifacts.tar.gz!/results/corn_factors_daily_v2/svr/2026-07-20-16-38-22-model-catalog-autodl,daily corn/results/corn_factors_daily_v2/svr/2026-07-20-16-38-22-model-catalog-autodl/,206,15186332,Git,May already exist remotely; skip identical files and abort on differences
experiment artifact,corn_factors_daily_v2,tcn,2026-07-21-11-54-16-model-catalog-autodl,PASS,C:\Users\YLHP\Documents\Codex\2026-07-16\https-github-com-z1zddd-corn-price\work\formal-fixed-20260721-pulled\artifacts.tar.gz!/results/corn_factors_daily_v2/tcn/2026-07-21-11-54-16-model-catalog-autodl,daily corn/results/corn_factors_daily_v2/tcn/2026-07-21-11-54-16-model-catalog-autodl/,206,15293316,Git,New run ID expected; verify remote immediately before staging
experiment artifact,corn_factors_daily_v2,xgboost,2026-07-20-16-31-17-model-catalog-autodl,SKIPPED_COMPLETED,C:\Users\YLHP\Documents\Codex\2026-07-16\https-github-com-z1zddd-corn-price\work\formal-fixed-20260721-pulled\artifacts.tar.gz!/results/corn_factors_daily_v2/xgboost/2026-07-20-16-31-17-model-catalog-autodl,daily corn/results/corn_factors_daily_v2/xgboost/2026-07-20-16-31-17-model-catalog-autodl/,206,15442211,Git,May already exist remotely; skip identical files and abort on differences
experiment artifact,corn_factors_daily_v2,xlinear,2026-07-21-12-02-51-model-catalog-autodl,PASS,C:\Users\YLHP\Documents\Codex\2026-07-16\https-github-com-z1zddd-corn-price\work\formal-fixed-20260721-pulled\artifacts.tar.gz!/results/corn_factors_daily_v2/xlinear/2026-07-21-12-02-51-model-catalog-autodl,daily corn/results/corn_factors_daily_v2/xlinear/2026-07-21-12-02-51-model-catalog-autodl/,206,15568672,Git,New run ID expected; verify remote immediately before staging
experiment artifact,corn_飞天_daily_factors_v2,catboost,2026-07-21-12-17-24-model-catalog-autodl,PASS,C:\Users\YLHP\Documents\Codex\2026-07-16\https-github-com-z1zddd-corn-price\work\formal-fixed-20260721-pulled\artifacts.tar.gz!/results/corn_飞天_daily_factors_v2/catboost/2026-07-21-12-17-24-model-catalog-autodl,daily corn/results/corn_飞天_daily_factors_v2/catboost/2026-07-21-12-17-24-model-catalog-autodl/,206,14749166,Git,New run ID expected; verify remote immediately before staging
experiment artifact,corn_飞天_daily_factors_v2,dlinear,2026-07-21-12-44-06-model-catalog-autodl,PASS,C:\Users\YLHP\Documents\Codex\2026-07-16\https-github-com-z1zddd-corn-price\work\formal-fixed-20260721-pulled\artifacts.tar.gz!/results/corn_飞天_daily_factors_v2/dlinear/2026-07-21-12-44-06-model-catalog-autodl,daily corn/results/corn_飞天_daily_factors_v2/dlinear/2026-07-21-12-44-06-model-catalog-autodl/,206,14726446,Git,New run ID expected; verify remote immediately before staging
experiment artifact,corn_飞天_daily_factors_v2,gradient_boosting,2026-07-21-11-36-37-model-catalog-autodl,PASS,C:\Users\YLHP\Documents\Codex\2026-07-16\https-github-com-z1zddd-corn-price\work\formal-fixed-20260721-pulled\artifacts.tar.gz!/results/corn_飞天_daily_factors_v2/gradient_boosting/2026-07-21-11-36-37-model-catalog-autodl,daily corn/results/corn_飞天_daily_factors_v2/gradient_boosting/2026-07-21-11-36-37-model-catalog-autodl/,206,15358288,Git,New run ID expected; verify remote immediately before staging
experiment artifact,corn_飞天_daily_factors_v2,itransformer,2026-07-21-12-51-16-model-catalog-autodl,PASS,C:\Users\YLHP\Documents\Codex\2026-07-16\https-github-com-z1zddd-corn-price\work\formal-fixed-20260721-pulled\artifacts.tar.gz!/results/corn_飞天_daily_factors_v2/itransformer/2026-07-21-12-51-16-model-catalog-autodl,daily corn/results/corn_飞天_daily_factors_v2/itransformer/2026-07-21-12-51-16-model-catalog-autodl/,206,15046319,Git,New run ID expected; verify remote immediately before staging
experiment artifact,corn_飞天_daily_factors_v2,knn,2026-07-21-11-36-15-model-catalog-autodl,PASS,C:\Users\YLHP\Documents\Codex\2026-07-16\https-github-com-z1zddd-corn-price\work\formal-fixed-20260721-pulled\artifacts.tar.gz!/results/corn_飞天_daily_factors_v2/knn/2026-07-21-11-36-15-model-catalog-autodl,daily corn/results/corn_飞天_daily_factors_v2/knn/2026-07-21-11-36-15-model-catalog-autodl/,206,14379661,Git,New run ID expected; verify remote immediately before staging
experiment artifact,corn_飞天_daily_factors_v2,lightgbm,2026-07-21-11-53-50-model-catalog-autodl,PASS,C:\Users\YLHP\Documents\Codex\2026-07-16\https-github-com-z1zddd-corn-price\work\formal-fixed-20260721-pulled\artifacts.tar.gz!/results/corn_飞天_daily_factors_v2/lightgbm/2026-07-21-11-53-50-model-catalog-autodl,daily corn/results/corn_飞天_daily_factors_v2/lightgbm/2026-07-21-11-53-50-model-catalog-autodl/,206,14740652,Git,New run ID expected; verify remote immediately before staging
experiment artifact,corn_飞天_daily_factors_v2,lnn,2026-07-21-12-24-22-model-catalog-autodl,PASS,C:\Users\YLHP\Documents\Codex\2026-07-16\https-github-com-z1zddd-corn-price\work\formal-fixed-20260721-pulled\artifacts.tar.gz!/results/corn_飞天_daily_factors_v2/lnn/2026-07-21-12-24-22-model-catalog-autodl,daily corn/results/corn_飞天_daily_factors_v2/lnn/2026-07-21-12-24-22-model-catalog-autodl/,206,14459184,Git,New run ID expected; verify remote immediately before staging
experiment artifact,corn_飞天_daily_factors_v2,lstm,2026-07-21-12-14-53-model-catalog-autodl,PASS,C:\Users\YLHP\Documents\Codex\2026-07-16\https-github-com-z1zddd-corn-price\work\formal-fixed-20260721-pulled\artifacts.tar.gz!/results/corn_飞天_daily_factors_v2/lstm/2026-07-21-12-14-53-model-catalog-autodl,daily corn/results/corn_飞天_daily_factors_v2/lstm/2026-07-21-12-14-53-model-catalog-autodl/,206,14514602,Git,New run ID expected; verify remote immediately before staging
experiment artifact,corn_飞天_daily_factors_v2,mafs,2026-07-21-12-41-05-model-catalog-autodl,PASS,C:\Users\YLHP\Documents\Codex\2026-07-16\https-github-com-z1zddd-corn-price\work\formal-fixed-20260721-pulled\artifacts.tar.gz!/results/corn_飞天_daily_factors_v2/mafs/2026-07-21-12-41-05-model-catalog-autodl,daily corn/results/corn_飞天_daily_factors_v2/mafs/2026-07-21-12-41-05-model-catalog-autodl/,206,14531152,Git,New run ID expected; verify remote immediately before staging
experiment artifact,corn_飞天_daily_factors_v2,patchtst,2026-07-21-12-47-42-model-catalog-autodl,PASS,C:\Users\YLHP\Documents\Codex\2026-07-16\https-github-com-z1zddd-corn-price\work\formal-fixed-20260721-pulled\artifacts.tar.gz!/results/corn_飞天_daily_factors_v2/patchtst/2026-07-21-12-47-42-model-catalog-autodl,daily corn/results/corn_飞天_daily_factors_v2/patchtst/2026-07-21-12-47-42-model-catalog-autodl/,206,14785643,Git,New run ID expected; verify remote immediately before staging
experiment artifact,corn_飞天_daily_factors_v2,raft,2026-07-21-12-38-49-model-catalog-autodl,PASS,C:\Users\YLHP\Documents\Codex\2026-07-16\https-github-com-z1zddd-corn-price\work\formal-fixed-20260721-pulled\artifacts.tar.gz!/results/corn_飞天_daily_factors_v2/raft/2026-07-21-12-38-49-model-catalog-autodl,daily corn/results/corn_飞天_daily_factors_v2/raft/2026-07-21-12-38-49-model-catalog-autodl/,206,14531748,Git,New run ID expected; verify remote immediately before staging
experiment artifact,corn_飞天_daily_factors_v2,random_forest,2026-07-21-11-34-12-model-catalog-autodl,PASS,C:\Users\YLHP\Documents\Codex\2026-07-16\https-github-com-z1zddd-corn-price\work\formal-fixed-20260721-pulled\artifacts.tar.gz!/results/corn_飞天_daily_factors_v2/random_forest/2026-07-21-11-34-12-model-catalog-autodl,daily corn/results/corn_飞天_daily_factors_v2/random_forest/2026-07-21-11-34-12-model-catalog-autodl/,206,15072722,Git,New run ID expected; verify remote immediately before staging
experiment artifact,corn_飞天_daily_factors_v2,rnn,2026-07-21-12-22-07-model-catalog-autodl,PASS,C:\Users\YLHP\Documents\Codex\2026-07-16\https-github-com-z1zddd-corn-price\work\formal-fixed-20260721-pulled\artifacts.tar.gz!/results/corn_飞天_daily_factors_v2/rnn/2026-07-21-12-22-07-model-catalog-autodl,daily corn/results/corn_飞天_daily_factors_v2/rnn/2026-07-21-12-22-07-model-catalog-autodl/,206,14454592,Git,New run ID expected; verify remote immediately before staging
experiment artifact,corn_飞天_daily_factors_v2,simpletm,2026-07-21-12-33-12-model-catalog-autodl,PASS,C:\Users\YLHP\Documents\Codex\2026-07-16\https-github-com-z1zddd-corn-price\work\formal-fixed-20260721-pulled\artifacts.tar.gz!/results/corn_飞天_daily_factors_v2/simpletm/2026-07-21-12-33-12-model-catalog-autodl,daily corn/results/corn_飞天_daily_factors_v2/simpletm/2026-07-21-12-33-12-model-catalog-autodl/,206,14784185,Git,New run ID expected; verify remote immediately before staging
experiment artifact,corn_飞天_daily_factors_v2,svr,2026-07-21-11-35-25-model-catalog-autodl,PASS,C:\Users\YLHP\Documents\Codex\2026-07-16\https-github-com-z1zddd-corn-price\work\formal-fixed-20260721-pulled\artifacts.tar.gz!/results/corn_飞天_daily_factors_v2/svr/2026-07-21-11-35-25-model-catalog-autodl,daily corn/results/corn_飞天_daily_factors_v2/svr/2026-07-21-11-35-25-model-catalog-autodl/,206,14381070,Git,New run ID expected; verify remote immediately before staging
experiment artifact,corn_飞天_daily_factors_v2,tcn,2026-07-21-12-36-46-model-catalog-autodl,PASS,C:\Users\YLHP\Documents\Codex\2026-07-16\https-github-com-z1zddd-corn-price\work\formal-fixed-20260721-pulled\artifacts.tar.gz!/results/corn_飞天_daily_factors_v2/tcn/2026-07-21-12-36-46-model-catalog-autodl,daily corn/results/corn_飞天_daily_factors_v2/tcn/2026-07-21-12-36-46-model-catalog-autodl/,206,14474233,Git,New run ID expected; verify remote immediately before staging
experiment artifact,corn_飞天_daily_factors_v2,xgboost,2026-07-21-12-12-47-model-catalog-autodl,PASS,C:\Users\YLHP\Documents\Codex\2026-07-16\https-github-com-z1zddd-corn-price\work\formal-fixed-20260721-pulled\artifacts.tar.gz!/results/corn_飞天_daily_factors_v2/xgboost/2026-07-21-12-12-47-model-catalog-autodl,daily corn/results/corn_飞天_daily_factors_v2/xgboost/2026-07-21-12-12-47-model-catalog-autodl/,206,14590427,Git,New run ID expected; verify remote immediately before staging
experiment artifact,corn_飞天_daily_factors_v2,xlinear,2026-07-21-12-46-02-model-catalog-autodl,PASS,C:\Users\YLHP\Documents\Codex\2026-07-16\https-github-com-z1zddd-corn-price\work\formal-fixed-20260721-pulled\artifacts.tar.gz!/results/corn_飞天_daily_factors_v2/xlinear/2026-07-21-12-46-02-model-catalog-autodl,daily corn/results/corn_飞天_daily_factors_v2/xlinear/2026-07-21-12-46-02-model-catalog-autodl/,206,14743685,Git,New run ID expected; verify remote immediately before staging
reproducibility source,,,SOURCE,,C:\Users\YLHP\Documents\Codex\2026-07-16\https-github-com-z1zddd-corn-price\work\github-main-baseline\Corn-Price-Forecasting-main\daily corn\models\deep_learning\DLinear.py | C:\Users\YLHP\Documents\Codex\2026-07-16\https-github-com-z1zddd-corn-price\work\github-main-baseline\Corn-Price-Forecasting-main\daily corn\models\deep_learning\iTransformer.py | C:\Users\YLHP\Documents\Codex\2026-07-16\https-github-com-z1zddd-corn-price\work\github-main-baseline\Corn-Price-Forecasting-main\daily corn\models\deep_learning\LNN.py | C:\Users\YLHP\Documents\Codex\2026-07-16\https-github-com-z1zddd-corn-price\work\github-main-baseline\Corn-Price-Forecasting-main\daily corn\models\deep_learning\LSTM.py | C:\Users\YLHP\Documents\Codex\2026-07-16\https-github-com-z1zddd-corn-price\work\github-main-baseline\Corn-Price-Forecasting-main\daily corn\models\deep_learning\MAFS.py | C:\Users\YLHP\Documents\Codex\2026-07-16\https-github-com-z1zddd-corn-price\work\github-main-baseline\Corn-Price-Forecasting-main\daily corn\models\deep_learning\PatchTST.py | C:\Users\YLHP\Documents\Codex\2026-07-16\https-github-com-z1zddd-corn-price\work\github-main-baseline\Corn-Price-Forecasting-main\daily corn\models\deep_learning\RAFT.py | C:\Users\YLHP\Documents\Codex\2026-07-16\https-github-com-z1zddd-corn-price\work\github-main-baseline\Corn-Price-Forecasting-main\daily corn\models\deep_learning\RNN.py | C:\Users\YLHP\Documents\Codex\2026-07-16\https-github-com-z1zddd-corn-price\work\github-main-baseline\Corn-Price-Forecasting-main\daily corn\models\deep_learning\SimpleTM.py | C:\Users\YLHP\Documents\Codex\2026-07-16\https-github-com-z1zddd-corn-price\work\github-main-baseline\Corn-Price-Forecasting-main\daily corn\models\deep_learning\TCN.py | C:\Users\YLHP\Documents\Codex\2026-07-16\https-github-com-z1zddd-corn-price\work\github-main-baseline\Corn-Price-Forecasting-main\daily corn\models\deep_learning\XLinear.py | C:\Users\YLHP\Documents\Codex\2026-07-16\https-github-com-z1zddd-corn-price\work\github-main-baseline\Corn-Price-Forecasting-main\daily corn\models\deep_learning\_networks.py | C:\Users\YLHP\Documents\Codex\2026-07-16\https-github-com-z1zddd-corn-price\work\github-main-baseline\Corn-Price-Forecasting-main\daily corn\models\deep_learning\_sequence_adapter.py | C:\Users\YLHP\Documents\Codex\2026-07-16\https-github-com-z1zddd-corn-price\work\github-main-baseline\Corn-Price-Forecasting-main\daily corn\models\machine_learning\CatBoost.py | C:\Users\YLHP\Documents\Codex\2026-07-16\https-github-com-z1zddd-corn-price\work\github-main-baseline\Corn-Price-Forecasting-main\daily corn\models\machine_learning\GradientBoosting.py | C:\Users\YLHP\Documents\Codex\2026-07-16\https-github-com-z1zddd-corn-price\work\github-main-baseline\Corn-Price-Forecasting-main\daily corn\models\machine_learning\KNNRegressor.py | C:\Users\YLHP\Documents\Codex\2026-07-16\https-github-com-z1zddd-corn-price\work\github-main-baseline\Corn-Price-Forecasting-main\daily corn\models\machine_learning\LightGBM.py | C:\Users\YLHP\Documents\Codex\2026-07-16\https-github-com-z1zddd-corn-price\work\github-main-baseline\Corn-Price-Forecasting-main\daily corn\models\machine_learning\RandomForest.py | C:\Users\YLHP\Documents\Codex\2026-07-16\https-github-com-z1zddd-corn-price\work\github-main-baseline\Corn-Price-Forecasting-main\daily corn\models\machine_learning\SVR.py | C:\Users\YLHP\Documents\Codex\2026-07-16\https-github-com-z1zddd-corn-price\work\github-main-baseline\Corn-Price-Forecasting-main\daily corn\models\machine_learning\XGBoost.py | C:\Users\YLHP\Documents\Codex\2026-07-16\https-github-com-z1zddd-corn-price\work\github-main-baseline\Corn-Price-Forecasting-main\daily corn\models\machine_learning\_adapter.py,daily corn/models/**/*.py,21,40660,Git,Remote path exists or parent exists; compare and update/add only. 18 model entrypoints + 3 shared adapters/networks
reproducibility source,,,SOURCE,,C:\Users\YLHP\Documents\Codex\2026-07-16\https-github-com-z1zddd-corn-price\work\github-main-baseline\Corn-Price-Forecasting-main\daily corn\configs\catalog\catboost.yaml | C:\Users\YLHP\Documents\Codex\2026-07-16\https-github-com-z1zddd-corn-price\work\github-main-baseline\Corn-Price-Forecasting-main\daily corn\configs\catalog\dlinear.yaml | C:\Users\YLHP\Documents\Codex\2026-07-16\https-github-com-z1zddd-corn-price\work\github-main-baseline\Corn-Price-Forecasting-main\daily corn\configs\catalog\gradient_boosting.yaml | C:\Users\YLHP\Documents\Codex\2026-07-16\https-github-com-z1zddd-corn-price\work\github-main-baseline\Corn-Price-Forecasting-main\daily corn\configs\catalog\itransformer.yaml | C:\Users\YLHP\Documents\Codex\2026-07-16\https-github-com-z1zddd-corn-price\work\github-main-baseline\Corn-Price-Forecasting-main\daily corn\configs\catalog\knn.yaml | C:\Users\YLHP\Documents\Codex\2026-07-16\https-github-com-z1zddd-corn-price\work\github-main-baseline\Corn-Price-Forecasting-main\daily corn\configs\catalog\lightgbm.yaml | C:\Users\YLHP\Documents\Codex\2026-07-16\https-github-com-z1zddd-corn-price\work\github-main-baseline\Corn-Price-Forecasting-main\daily corn\configs\catalog\lnn.yaml | C:\Users\YLHP\Documents\Codex\2026-07-16\https-github-com-z1zddd-corn-price\work\github-main-baseline\Corn-Price-Forecasting-main\daily corn\configs\catalog\lstm.yaml | C:\Users\YLHP\Documents\Codex\2026-07-16\https-github-com-z1zddd-corn-price\work\github-main-baseline\Corn-Price-Forecasting-main\daily corn\configs\catalog\mafs.yaml | C:\Users\YLHP\Documents\Codex\2026-07-16\https-github-com-z1zddd-corn-price\work\github-main-baseline\Corn-Price-Forecasting-main\daily corn\configs\catalog\patchtst.yaml | C:\Users\YLHP\Documents\Codex\2026-07-16\https-github-com-z1zddd-corn-price\work\github-main-baseline\Corn-Price-Forecasting-main\daily corn\configs\catalog\raft.yaml | C:\Users\YLHP\Documents\Codex\2026-07-16\https-github-com-z1zddd-corn-price\work\github-main-baseline\Corn-Price-Forecasting-main\daily corn\configs\catalog\random_forest.yaml | C:\Users\YLHP\Documents\Codex\2026-07-16\https-github-com-z1zddd-corn-price\work\github-main-baseline\Corn-Price-Forecasting-main\daily corn\configs\catalog\rnn.yaml | C:\Users\YLHP\Documents\Codex\2026-07-16\https-github-com-z1zddd-corn-price\work\github-main-baseline\Corn-Price-Forecasting-main\daily corn\configs\catalog\simpletm.yaml | C:\Users\YLHP\Documents\Codex\2026-07-16\https-github-com-z1zddd-corn-price\work\github-main-baseline\Corn-Price-Forecasting-main\daily corn\configs\catalog\svr.yaml | C:\Users\YLHP\Documents\Codex\2026-07-16\https-github-com-z1zddd-corn-price\work\github-main-baseline\Corn-Price-Forecasting-main\daily corn\configs\catalog\tcn.yaml | C:\Users\YLHP\Documents\Codex\2026-07-16\https-github-com-z1zddd-corn-price\work\github-main-baseline\Corn-Price-Forecasting-main\daily corn\configs\catalog\xgboost.yaml | C:\Users\YLHP\Documents\Codex\2026-07-16\https-github-com-z1zddd-corn-price\work\github-main-baseline\Corn-Price-Forecasting-main\daily corn\configs\catalog\xlinear.yaml,daily corn/configs/catalog/*.yaml,18,18606,Git,Remote path exists or parent exists; compare and update/add only. 18 fixed catalog configs
reproducibility source,,,SOURCE,,C:\Users\YLHP\Documents\Codex\2026-07-16\https-github-com-z1zddd-corn-price\work\github-main-baseline\Corn-Price-Forecasting-main\daily corn\configs\model_catalog.yaml,daily corn/configs/model_catalog.yaml,1,1404,Git,Remote path exists or parent exists; compare and update/add only. 2 datasets x 18 models
reproducibility source,,,SOURCE,,C:\Users\YLHP\Documents\Codex\2026-07-16\https-github-com-z1zddd-corn-price\work\github-main-baseline\Corn-Price-Forecasting-main\daily corn\scripts\experiments\model_registry.py | C:\Users\YLHP\Documents\Codex\2026-07-16\https-github-com-z1zddd-corn-price\work\github-main-baseline\Corn-Price-Forecasting-main\daily corn\scripts\experiments\run_experiment.py | C:\Users\YLHP\Documents\Codex\2026-07-16\https-github-com-z1zddd-corn-price\work\github-main-baseline\Corn-Price-Forecasting-main\daily corn\scripts\experiments\run_model_catalog.py,"daily corn/scripts/experiments/{model_registry.py,run_experiment.py,run_model_catalog.py}",3,70279,Git,Remote path exists or parent exists; compare and update/add only. Canonical catalog runner
reproducibility source,,,SOURCE,,C:\Users\YLHP\Documents\Codex\2026-07-16\https-github-com-z1zddd-corn-price\work\github-main-baseline\Corn-Price-Forecasting-main\daily corn\scripts\data_processing\data_pipeline.py,daily corn/scripts/data_processing/data_pipeline.py,1,10777,Git,Remote path exists or parent exists; compare and update/add only. Shared data pipeline
reproducibility source,,,SOURCE,,C:\Users\YLHP\Documents\Codex\2026-07-16\https-github-com-z1zddd-corn-price\work\github-main-baseline\Corn-Price-Forecasting-main\daily corn\scripts\evaluation\evaluate.py,daily corn/scripts/evaluation/evaluate.py,1,10555,Git,Remote path exists or parent exists; compare and update/add only. Shared evaluation
reproducibility source,,,SOURCE,,C:\Users\YLHP\Documents\Codex\2026-07-16\https-github-com-z1zddd-corn-price\work\github-main-baseline\Corn-Price-Forecasting-main\daily corn\tests\test_backtest_pipeline.py | C:\Users\YLHP\Documents\Codex\2026-07-16\https-github-com-z1zddd-corn-price\work\github-main-baseline\Corn-Price-Forecasting-main\daily corn\tests\test_catalog_orchestration.py | C:\Users\YLHP\Documents\Codex\2026-07-16\https-github-com-z1zddd-corn-price\work\github-main-baseline\Corn-Price-Forecasting-main\daily corn\tests\test_model_catalog_adapters.py,daily corn/tests/*.py,3,47759,Git,Remote path exists or parent exists; compare and update/add only. 70-test verified suite
catalog summary,both,all,formal-fixed-20260721,30 PASS + 6 reused,C:\Users\YLHP\Documents\Codex\2026-07-16\https-github-com-z1zddd-corn-price\work\formal-fixed-20260721-pulled\catalog_summary.csv | C:\Users\YLHP\Documents\Codex\2026-07-16\https-github-com-z1zddd-corn-price\work\formal-fixed-20260721-pulled\catalog_summary.json | C:\Users\YLHP\Documents\Codex\2026-07-16\https-github-com-z1zddd-corn-price\work\formal-fixed-20260721-pulled\REVIEW_PACKAGE.md | C:\Users\YLHP\Documents\Codex\2026-07-16\https-github-com-z1zddd-corn-price\work\formal-fixed-20260721-pulled\artifact_inventory.csv | C:\Users\YLHP\Documents\Codex\2026-07-16\https-github-com-z1zddd-corn-price\work\formal-fixed-20260721-pulled\missing_artifacts.csv | C:\Users\YLHP\Documents\Codex\2026-07-16\https-github-com-z1zddd-corn-price\work\formal-fixed-20260721-pulled\work\formal-fixed-20260721\run.log | C:\Users\YLHP\Documents\Codex\2026-07-16\https-github-com-z1zddd-corn-price\work\formal-fixed-20260721-pulled\work\formal-fixed-20260721\pull_manifest.json | C:\Users\YLHP\Documents\Codex\2026-07-16\https-github-com-z1zddd-corn-price\work\formal-fixed-20260721-pulled\metrics-and-reports\model_parameters.csv | C:\Users\YLHP\Documents\Codex\2026-07-16\https-github-com-z1zddd-corn-price\work\formal-fixed-20260721-pulled\metrics-and-reports\grid_search_selected_parameters.csv,daily corn/results/model_catalog/formal-fixed-20260721/,9,1182975,Git,Proposed new summary directory
repository metadata,,,,,generated during approved publish,.gitattributes + .gitignore,2,0,Git,Add LFS rule for daily corn/checkpoints/**/*.joblib and targeted unignore rule
